[2026-07-09T01:54:20.013+0000] {manager.py:470} INFO - Processing files using up to 2 processes at a time 
[2026-07-09T01:54:20.018+0000] {manager.py:471} INFO - Process each file at most once every 30 seconds
[2026-07-09T01:54:20.025+0000] {manager.py:472} INFO - Checking for new files in /opt/airflow/dags every 300 seconds
[2026-07-09T01:54:20.026+0000] {manager.py:737} INFO - Searching for files in /opt/airflow/dags
[2026-07-09T01:54:20.041+0000] {manager.py:740} INFO - There are 1 files in /opt/airflow/dags
[2026-07-09T01:54:23.004+0000] {manager.py:878} INFO - 
================================================================================
DAG File Processing Stats

File Path                           PID    Runtime      # DAGs    # Errors  Last Runtime    Last Run
----------------------------------  -----  ---------  --------  ----------  --------------  -------------------
/opt/airflow/dags/pipeline_bets.py                           0           0  1.62s           2026-07-09T01:54:22
================================================================================
[2026-07-09T01:54:53.320+0000] {manager.py:878} INFO - 
================================================================================
DAG File Processing Stats

File Path                             PID  Runtime      # DAGs    # Errors  Last Runtime    Last Run
----------------------------------  -----  ---------  --------  ----------  --------------  -------------------
/opt/airflow/dags/pipeline_bets.py    164  0.01s             0           0  1.62s           2026-07-09T01:54:22
================================================================================
[2026-07-09T01:55:24.391+0000] {manager.py:878} INFO - 
================================================================================
DAG File Processing Stats

File Path                           PID    Runtime      # DAGs    # Errors  Last Runtime    Last Run
----------------------------------  -----  ---------  --------  ----------  --------------  -------------------
/opt/airflow/dags/pipeline_bets.py                           0           0  1.12s           2026-07-09T01:54:54
================================================================================
[2026-07-09T01:56:00.288+0000] {manager.py:878} INFO - 
================================================================================
DAG File Processing Stats

File Path                             PID  Runtime      # DAGs    # Errors  Last Runtime    Last Run
----------------------------------  -----  ---------  --------  ----------  --------------  -------------------
/opt/airflow/dags/pipeline_bets.py    169  24.31s            0           0  1.12s           2026-07-09T01:54:54
================================================================================
[2026-07-09T01:56:30.726+0000] {manager.py:1203} ERROR - Processor for /opt/airflow/dags/pipeline_bets.py with PID 169 started at 2026-07-09T01:55:32.740629+00:00 has timed out, killing it.
[2026-07-09T01:56:36.076+0000] {manager.py:878} INFO - 
================================================================================
DAG File Processing Stats

File Path                           PID    Runtime      # DAGs    # Errors  Last Runtime    Last Run
----------------------------------  -----  ---------  --------  ----------  --------------  -------------------
/opt/airflow/dags/pipeline_bets.py                           0           1  56.84s          2026-07-09T01:56:29
================================================================================
[2026-07-09T01:57:10.616+0000] {manager.py:878} INFO - 
================================================================================
DAG File Processing Stats

File Path                             PID  Runtime      # DAGs    # Errors  Last Runtime    Last Run
----------------------------------  -----  ---------  --------  ----------  --------------  -------------------
/opt/airflow/dags/pipeline_bets.py    172  3.60s             0           1  56.84s          2026-07-09T01:56:29
================================================================================
[2026-07-09T01:58:15.352+0000] {manager.py:1203} ERROR - Processor for /opt/airflow/dags/pipeline_bets.py with PID 172 started at 2026-07-09T01:57:06.537081+00:00 has timed out, killing it.
[2026-07-09T01:58:17.262+0000] {manager.py:878} INFO - 
================================================================================
DAG File Processing Stats

File Path                           PID    Runtime      # DAGs    # Errors  Last Runtime    Last Run
----------------------------------  -----  ---------  --------  ----------  --------------  -------------------
/opt/airflow/dags/pipeline_bets.py                           0           1  68.49s          2026-07-09T01:58:15
================================================================================
[2026-07-09T01:58:47.741+0000] {manager.py:878} INFO - 
================================================================================
DAG File Processing Stats

File Path                             PID  Runtime      # DAGs    # Errors  Last Runtime    Last Run
----------------------------------  -----  ---------  --------  ----------  --------------  -------------------
/opt/airflow/dags/pipeline_bets.py    175  2.00s             0           1  68.49s          2026-07-09T01:58:15
================================================================================
[2026-07-09T22:44:16.789+0000] {manager.py:470} INFO - Processing files using up to 2 processes at a time 
[2026-07-09T22:44:16.791+0000] {manager.py:471} INFO - Process each file at most once every 30 seconds
[2026-07-09T22:44:16.792+0000] {manager.py:472} INFO - Checking for new files in /opt/airflow/dags every 300 seconds
[2026-07-09T22:44:16.797+0000] {manager.py:737} INFO - Searching for files in /opt/airflow/dags
[2026-07-09T22:44:16.818+0000] {manager.py:740} INFO - There are 1 files in /opt/airflow/dags
[2026-07-09T22:44:18.288+0000] {manager.py:878} INFO - 
================================================================================
DAG File Processing Stats

File Path                           PID    Runtime      # DAGs    # Errors  Last Runtime    Last Run
----------------------------------  -----  ---------  --------  ----------  --------------  -------------------
/opt/airflow/dags/pipeline_bets.py                           0           0  0.88s           2026-07-09T22:44:18
================================================================================
[2026-07-09T22:44:48.673+0000] {manager.py:878} INFO - 
================================================================================
DAG File Processing Stats

File Path                             PID  Runtime      # DAGs    # Errors  Last Runtime    Last Run
----------------------------------  -----  ---------  --------  ----------  --------------  -------------------
/opt/airflow/dags/pipeline_bets.py    201  0.02s             0           0  0.88s           2026-07-09T22:44:18
================================================================================
[2026-07-09T22:45:18.906+0000] {manager.py:878} INFO - 
================================================================================
DAG File Processing Stats

File Path                           PID    Runtime      # DAGs    # Errors  Last Runtime    Last Run
----------------------------------  -----  ---------  --------  ----------  --------------  -------------------
/opt/airflow/dags/pipeline_bets.py                           0           0  0.60s           2026-07-09T22:44:49
================================================================================
[2026-07-09T22:45:49.666+0000] {manager.py:878} INFO - 
================================================================================
DAG File Processing Stats

File Path                           PID    Runtime      # DAGs    # Errors  Last Runtime    Last Run
----------------------------------  -----  ---------  --------  ----------  --------------  -------------------
/opt/airflow/dags/pipeline_bets.py                           0           0  0.30s           2026-07-09T22:45:19
================================================================================
[2026-07-09T22:46:20.141+0000] {manager.py:878} INFO - 
================================================================================
DAG File Processing Stats

File Path                           PID    Runtime      # DAGs    # Errors  Last Runtime    Last Run
----------------------------------  -----  ---------  --------  ----------  --------------  -------------------
/opt/airflow/dags/pipeline_bets.py                           0           0  1.20s           2026-07-09T22:45:51
================================================================================
[2026-07-09T22:46:50.470+0000] {manager.py:878} INFO - 
================================================================================
DAG File Processing Stats

File Path                           PID    Runtime      # DAGs    # Errors  Last Runtime    Last Run
----------------------------------  -----  ---------  --------  ----------  --------------  -------------------
/opt/airflow/dags/pipeline_bets.py                           0           0  0.48s           2026-07-09T22:46:21
================================================================================
[2026-07-09T22:47:20.555+0000] {manager.py:878} INFO - 
================================================================================
DAG File Processing Stats

File Path                           PID    Runtime      # DAGs    # Errors  Last Runtime    Last Run
----------------------------------  -----  ---------  --------  ----------  --------------  -------------------
/opt/airflow/dags/pipeline_bets.py                           0           0  0.51s           2026-07-09T22:46:52
================================================================================
[2026-07-09T22:47:52.175+0000] {manager.py:878} INFO - 
================================================================================
DAG File Processing Stats

File Path                           PID    Runtime      # DAGs    # Errors  Last Runtime    Last Run
----------------------------------  -----  ---------  --------  ----------  --------------  -------------------
/opt/airflow/dags/pipeline_bets.py                           0           0  0.32s           2026-07-09T22:47:22
================================================================================
[2026-07-09T22:48:28.525+0000] {manager.py:878} INFO - 
================================================================================
DAG File Processing Stats

File Path                             PID  Runtime      # DAGs    # Errors  Last Runtime    Last Run
----------------------------------  -----  ---------  --------  ----------  --------------  -------------------
/opt/airflow/dags/pipeline_bets.py    231  27.67s            0           0  0.32s           2026-07-09T22:47:22
================================================================================
[2026-07-09T22:48:55.642+0000] {manager.py:1203} ERROR - Processor for /opt/airflow/dags/pipeline_bets.py with PID 231 started at 2026-07-09T22:48:00.306401+00:00 has timed out, killing it.
[2026-07-09T22:49:11.827+0000] {manager.py:878} INFO - 
================================================================================
DAG File Processing Stats

File Path                           PID    Runtime      # DAGs    # Errors  Last Runtime    Last Run
----------------------------------  -----  ---------  --------  ----------  --------------  -------------------
/opt/airflow/dags/pipeline_bets.py                           0           1  55.26s          2026-07-09T22:48:55
================================================================================
[2026-07-09T22:49:19.863+0000] {manager.py:737} INFO - Searching for files in /opt/airflow/dags
[2026-07-09T22:49:24.989+0000] {manager.py:740} INFO - There are 1 files in /opt/airflow/dags
[2026-07-09T22:50:43.333+0000] {manager.py:878} INFO - 
================================================================================
DAG File Processing Stats

File Path                             PID  Runtime      # DAGs    # Errors  Last Runtime    Last Run
----------------------------------  -----  ---------  --------  ----------  --------------  -------------------
/opt/airflow/dags/pipeline_bets.py    234  0.99s             0           1  55.26s          2026-07-09T22:48:55
================================================================================
[2026-07-09T22:51:14.133+0000] {manager.py:878} INFO - 
================================================================================
DAG File Processing Stats

File Path                           PID    Runtime      # DAGs    # Errors  Last Runtime    Last Run
----------------------------------  -----  ---------  --------  ----------  --------------  -------------------
/opt/airflow/dags/pipeline_bets.py                           0           0  11.75s          2026-07-09T22:50:53
================================================================================
[2026-07-09T22:51:45.463+0000] {manager.py:878} INFO - 
================================================================================
DAG File Processing Stats

File Path                           PID    Runtime      # DAGs    # Errors  Last Runtime    Last Run
----------------------------------  -----  ---------  --------  ----------  --------------  -------------------
/opt/airflow/dags/pipeline_bets.py                           0           0  0.33s           2026-07-09T22:51:24
================================================================================
[2026-07-09T22:52:20.897+0000] {manager.py:878} INFO - 
================================================================================
DAG File Processing Stats

File Path                             PID  Runtime      # DAGs    # Errors  Last Runtime    Last Run
----------------------------------  -----  ---------  --------  ----------  --------------  -------------------
/opt/airflow/dags/pipeline_bets.py    244  24.28s            0           0  0.33s           2026-07-09T22:51:24
================================================================================
[2026-07-09T22:52:52.764+0000] {manager.py:1203} ERROR - Processor for /opt/airflow/dags/pipeline_bets.py with PID 244 started at 2026-07-09T22:51:56.311785+00:00 has timed out, killing it.
[2026-07-09T22:53:01.396+0000] {manager.py:878} INFO - 
================================================================================
DAG File Processing Stats

File Path                           PID    Runtime      # DAGs    # Errors  Last Runtime    Last Run
----------------------------------  -----  ---------  --------  ----------  --------------  -------------------
/opt/airflow/dags/pipeline_bets.py                           0           1  56.34s          2026-07-09T22:52:52
================================================================================
[2026-07-09T22:53:48.519+0000] {manager.py:878} INFO - 
================================================================================
DAG File Processing Stats

File Path                             PID  Runtime      # DAGs    # Errors  Last Runtime    Last Run
----------------------------------  -----  ---------  --------  ----------  --------------  -------------------
/opt/airflow/dags/pipeline_bets.py    249  2.06s             0           1  56.34s          2026-07-09T22:52:52
================================================================================
[2026-07-09T22:54:29.194+0000] {manager.py:737} INFO - Searching for files in /opt/airflow/dags
[2026-07-09T22:54:32.608+0000] {manager.py:740} INFO - There are 1 files in /opt/airflow/dags
[2026-07-09T22:55:34.384+0000] {manager.py:1203} ERROR - Processor for /opt/airflow/dags/pipeline_bets.py with PID 249 started at 2026-07-09T22:53:42.658915+00:00 has timed out, killing it.
[2026-07-09T22:55:34.664+0000] {manager.py:878} INFO - 
================================================================================
DAG File Processing Stats

File Path                           PID    Runtime      # DAGs    # Errors  Last Runtime    Last Run
----------------------------------  -----  ---------  --------  ----------  --------------  -------------------
/opt/airflow/dags/pipeline_bets.py                           0           1  111.49s         2026-07-09T22:55:34
================================================================================
[2026-07-09T22:57:02.246+0000] {manager.py:878} INFO - 
================================================================================
DAG File Processing Stats

File Path                             PID  Runtime      # DAGs    # Errors  Last Runtime    Last Run
----------------------------------  -----  ---------  --------  ----------  --------------  -------------------
/opt/airflow/dags/pipeline_bets.py    252  10.48s            0           1  111.49s         2026-07-09T22:55:34
================================================================================
[2026-07-09T22:57:29.903+0000] {manager.py:1203} ERROR - Processor for /opt/airflow/dags/pipeline_bets.py with PID 252 started at 2026-07-09T22:56:38.079929+00:00 has timed out, killing it.
[2026-07-09T22:57:51.088+0000] {manager.py:878} INFO - 
================================================================================
DAG File Processing Stats

File Path                           PID    Runtime      # DAGs    # Errors  Last Runtime    Last Run
----------------------------------  -----  ---------  --------  ----------  --------------  -------------------
/opt/airflow/dags/pipeline_bets.py                           0           1  51.82s          2026-07-09T22:57:29
================================================================================
[2026-07-09T23:03:05.380+0000] {manager.py:470} INFO - Processing files using up to 2 processes at a time 
[2026-07-09T23:03:05.382+0000] {manager.py:471} INFO - Process each file at most once every 30 seconds
[2026-07-09T23:03:05.384+0000] {manager.py:472} INFO - Checking for new files in /opt/airflow/dags every 300 seconds
[2026-07-09T23:03:05.389+0000] {manager.py:737} INFO - Searching for files in /opt/airflow/dags
[2026-07-09T23:03:05.401+0000] {manager.py:740} INFO - There are 1 files in /opt/airflow/dags
[2026-07-09T23:03:06.155+0000] {manager.py:878} INFO - 
================================================================================
DAG File Processing Stats

File Path                             PID  Runtime      # DAGs    # Errors  Last Runtime    Last Run
----------------------------------  -----  ---------  --------  ----------  --------------  ----------
/opt/airflow/dags/pipeline_bets.py    162  0.24s             0           0
================================================================================
[2026-07-09T23:03:36.504+0000] {manager.py:878} INFO - 
================================================================================
DAG File Processing Stats

File Path                             PID  Runtime      # DAGs    # Errors  Last Runtime    Last Run
----------------------------------  -----  ---------  --------  ----------  --------------  -------------------
/opt/airflow/dags/pipeline_bets.py    168  0.04s             0           0  0.25s           2026-07-09T23:03:06
================================================================================
[2026-07-09T23:04:06.738+0000] {manager.py:878} INFO - 
================================================================================
DAG File Processing Stats

File Path                           PID    Runtime      # DAGs    # Errors  Last Runtime    Last Run
----------------------------------  -----  ---------  --------  ----------  --------------  -------------------
/opt/airflow/dags/pipeline_bets.py                           0           0  0.73s           2026-07-09T23:03:37
================================================================================
[2026-07-09T23:04:37.544+0000] {manager.py:878} INFO - 
================================================================================
DAG File Processing Stats

File Path                             PID  Runtime      # DAGs    # Errors  Last Runtime    Last Run
----------------------------------  -----  ---------  --------  ----------  --------------  -------------------
/opt/airflow/dags/pipeline_bets.py    178  0.06s             0           0  0.13s           2026-07-09T23:04:07
================================================================================
[2026-07-09T23:05:07.786+0000] {manager.py:878} INFO - 
================================================================================
DAG File Processing Stats

File Path                             PID  Runtime      # DAGs    # Errors  Last Runtime    Last Run
----------------------------------  -----  ---------  --------  ----------  --------------  -------------------
/opt/airflow/dags/pipeline_bets.py    183  0.01s             0           0  0.19s           2026-07-09T23:04:37
================================================================================
[2026-07-09T23:05:38.870+0000] {manager.py:878} INFO - 
================================================================================
DAG File Processing Stats

File Path                             PID  Runtime      # DAGs    # Errors  Last Runtime    Last Run
----------------------------------  -----  ---------  --------  ----------  --------------  -------------------
/opt/airflow/dags/pipeline_bets.py    188  0.33s             0           0  0.17s           2026-07-09T23:05:07
================================================================================
[2026-07-09T23:06:09.539+0000] {manager.py:878} INFO - 
================================================================================
DAG File Processing Stats

File Path                           PID    Runtime      # DAGs    # Errors  Last Runtime    Last Run
----------------------------------  -----  ---------  --------  ----------  --------------  -------------------
/opt/airflow/dags/pipeline_bets.py                           0           0  4.11s           2026-07-09T23:05:42
================================================================================
[2026-07-09T23:06:40.269+0000] {manager.py:878} INFO - 
================================================================================
DAG File Processing Stats

File Path                           PID    Runtime      # DAGs    # Errors  Last Runtime    Last Run
----------------------------------  -----  ---------  --------  ----------  --------------  -------------------
/opt/airflow/dags/pipeline_bets.py                           0           0  3.82s           2026-07-09T23:06:16
================================================================================
[2026-07-09T23:07:10.500+0000] {manager.py:878} INFO - 
================================================================================
DAG File Processing Stats

File Path                           PID    Runtime      # DAGs    # Errors  Last Runtime    Last Run
----------------------------------  -----  ---------  --------  ----------  --------------  -------------------
/opt/airflow/dags/pipeline_bets.py                           0           0  12.61s          2026-07-09T23:07:00
================================================================================
[2026-07-09T23:07:41.182+0000] {manager.py:878} INFO - 
================================================================================
DAG File Processing Stats

File Path                           PID    Runtime      # DAGs    # Errors  Last Runtime    Last Run
----------------------------------  -----  ---------  --------  ----------  --------------  -------------------
/opt/airflow/dags/pipeline_bets.py                           0           0  3.88s           2026-07-09T23:07:35
================================================================================
[2026-07-09T23:08:05.439+0000] {manager.py:737} INFO - Searching for files in /opt/airflow/dags
[2026-07-09T23:08:05.763+0000] {manager.py:740} INFO - There are 1 files in /opt/airflow/dags
[2026-07-09T23:08:11.670+0000] {manager.py:878} INFO - 
================================================================================
DAG File Processing Stats

File Path                             PID  Runtime      # DAGs    # Errors  Last Runtime    Last Run
----------------------------------  -----  ---------  --------  ----------  --------------  -------------------
/opt/airflow/dags/pipeline_bets.py    208  4.59s             0           0  3.88s           2026-07-09T23:07:35
================================================================================
[2026-07-09T23:10:19.883+0000] {manager.py:878} INFO - 
================================================================================
DAG File Processing Stats

File Path                             PID  Runtime      # DAGs    # Errors  Last Runtime    Last Run
----------------------------------  -----  ---------  --------  ----------  --------------  -------------------
/opt/airflow/dags/pipeline_bets.py    213  16.11s            0           0  6.40s           2026-07-09T23:08:13
================================================================================
[2026-07-09T23:20:44.563+0000] {manager.py:737} INFO - Searching for files in /opt/airflow/dags
[2026-07-09T23:20:45.077+0000] {manager.py:740} INFO - There are 1 files in /opt/airflow/dags
[2026-07-09T23:20:46.282+0000] {manager.py:1203} ERROR - Processor for /opt/airflow/dags/pipeline_bets.py with PID 213 started at 2026-07-09T23:09:24.226780+00:00 has timed out, killing it.
[2026-07-09T23:20:46.404+0000] {manager.py:878} INFO - 
================================================================================
DAG File Processing Stats

File Path                           PID    Runtime      # DAGs    # Errors  Last Runtime    Last Run
----------------------------------  -----  ---------  --------  ----------  --------------  -------------------
/opt/airflow/dags/pipeline_bets.py                           0           1  682.04s         2026-07-09T23:20:46
================================================================================
[2026-07-09T23:21:17.189+0000] {manager.py:878} INFO - 
================================================================================
DAG File Processing Stats

File Path                             PID  Runtime      # DAGs    # Errors  Last Runtime    Last Run
----------------------------------  -----  ---------  --------  ----------  --------------  -------------------
/opt/airflow/dags/pipeline_bets.py    218  0.49s             0           1  682.04s         2026-07-09T23:20:46
================================================================================
[2026-07-09T23:21:48.916+0000] {manager.py:878} INFO - 
================================================================================
DAG File Processing Stats

File Path                           PID    Runtime      # DAGs    # Errors  Last Runtime    Last Run
----------------------------------  -----  ---------  --------  ----------  --------------  -------------------
/opt/airflow/dags/pipeline_bets.py                           0           0  2.63s           2026-07-09T23:21:19
================================================================================
[2026-07-09T23:22:19.567+0000] {manager.py:878} INFO - 
================================================================================
DAG File Processing Stats

File Path                           PID    Runtime      # DAGs    # Errors  Last Runtime    Last Run
----------------------------------  -----  ---------  --------  ----------  --------------  -------------------
/opt/airflow/dags/pipeline_bets.py                           0           0  3.55s           2026-07-09T23:21:54
================================================================================
[2026-07-09T23:24:32.179+0000] {manager.py:878} INFO - 
================================================================================
DAG File Processing Stats

File Path                             PID  Runtime      # DAGs    # Errors  Last Runtime    Last Run
----------------------------------  -----  ---------  --------  ----------  --------------  -------------------
/opt/airflow/dags/pipeline_bets.py    233  3.72s             0           0  2.48s           2026-07-09T23:22:27
================================================================================
[2026-07-09T23:25:03.695+0000] {manager.py:878} INFO - 
================================================================================
DAG File Processing Stats

File Path                           PID    Runtime      # DAGs    # Errors  Last Runtime    Last Run
----------------------------------  -----  ---------  --------  ----------  --------------  -------------------
/opt/airflow/dags/pipeline_bets.py                           0           0  16.10s          2026-07-09T23:24:43
================================================================================
[2026-07-09T23:25:33.872+0000] {manager.py:878} INFO - 
================================================================================
DAG File Processing Stats

File Path                           PID    Runtime      # DAGs    # Errors  Last Runtime    Last Run
----------------------------------  -----  ---------  --------  ----------  --------------  -------------------
/opt/airflow/dags/pipeline_bets.py                           0           0  4.12s           2026-07-09T23:25:18
================================================================================
[2026-07-09T23:25:45.156+0000] {manager.py:737} INFO - Searching for files in /opt/airflow/dags
[2026-07-09T23:25:45.526+0000] {manager.py:740} INFO - There are 1 files in /opt/airflow/dags
[2026-07-09T23:27:02.771+0000] {manager.py:878} INFO - 
================================================================================
DAG File Processing Stats

File Path                             PID  Runtime      # DAGs    # Errors  Last Runtime    Last Run
----------------------------------  -----  ---------  --------  ----------  --------------  -------------------
/opt/airflow/dags/pipeline_bets.py    243  15.00s            0           0  4.12s           2026-07-09T23:25:18
================================================================================
[2026-07-09T23:27:25.693+0000] {manager.py:1203} ERROR - Processor for /opt/airflow/dags/pipeline_bets.py with PID 243 started at 2026-07-09T23:26:14.090830+00:00 has timed out, killing it.
[2026-07-09T23:27:54.954+0000] {manager.py:878} INFO - 
================================================================================
DAG File Processing Stats

File Path                           PID    Runtime      # DAGs    # Errors  Last Runtime    Last Run
----------------------------------  -----  ---------  --------  ----------  --------------  -------------------
/opt/airflow/dags/pipeline_bets.py                           0           1  71.59s          2026-07-09T23:27:25
================================================================================
[2026-07-09T23:28:25.549+0000] {manager.py:878} INFO - 
================================================================================
DAG File Processing Stats

File Path                           PID    Runtime      # DAGs    # Errors  Last Runtime    Last Run
----------------------------------  -----  ---------  --------  ----------  --------------  -------------------
/opt/airflow/dags/pipeline_bets.py                           0           0  2.46s           2026-07-09T23:27:58
================================================================================
[2026-07-09T23:28:55.891+0000] {manager.py:878} INFO - 
================================================================================
DAG File Processing Stats

File Path                           PID    Runtime      # DAGs    # Errors  Last Runtime    Last Run
----------------------------------  -----  ---------  --------  ----------  --------------  -------------------
/opt/airflow/dags/pipeline_bets.py                           0           0  0.40s           2026-07-09T23:28:28
================================================================================
[2026-07-09T23:29:26.256+0000] {manager.py:878} INFO - 
================================================================================
DAG File Processing Stats

File Path                           PID    Runtime      # DAGs    # Errors  Last Runtime    Last Run
----------------------------------  -----  ---------  --------  ----------  --------------  -------------------
/opt/airflow/dags/pipeline_bets.py                           0           0  0.16s           2026-07-09T23:28:59
================================================================================
[2026-07-09T23:29:51.412+0000] {manager.py:1128} WARNING - Skipping processing of missing file: /opt/airflow/dags/pipeline_bets.py
[2026-07-09T23:30:45.727+0000] {manager.py:737} INFO - Searching for files in /opt/airflow/dags
[2026-07-09T23:30:45.745+0000] {manager.py:740} INFO - There are 0 files in /opt/airflow/dags
[2026-07-09T23:35:45.858+0000] {manager.py:737} INFO - Searching for files in /opt/airflow/dags
[2026-07-09T23:35:45.891+0000] {manager.py:740} INFO - There are 1 files in /opt/airflow/dags
[2026-07-09T23:35:59.083+0000] {manager.py:878} INFO - 
================================================================================
DAG File Processing Stats

File Path                          PID    Runtime      # DAGs    # Errors  Last Runtime    Last Run
---------------------------------  -----  ---------  --------  ----------  --------------  -------------------
/opt/airflow/dags/pipeline_bet.py                           1           0  2.52s           2026-07-09T23:35:48
================================================================================
[2026-07-09T23:36:29.744+0000] {manager.py:878} INFO - 
================================================================================
DAG File Processing Stats

File Path                          PID    Runtime      # DAGs    # Errors  Last Runtime    Last Run
---------------------------------  -----  ---------  --------  ----------  --------------  -------------------
/opt/airflow/dags/pipeline_bet.py                           1           0  0.20s           2026-07-09T23:36:18
================================================================================
[2026-07-09T23:36:47.592+0000] {manager.py:452} INFO - Exiting gracefully upon receiving signal 15
[2026-07-09T23:37:11.636+0000] {manager.py:470} INFO - Processing files using up to 2 processes at a time 
[2026-07-09T23:37:11.638+0000] {manager.py:471} INFO - Process each file at most once every 30 seconds
[2026-07-09T23:37:11.639+0000] {manager.py:472} INFO - Checking for new files in /opt/airflow/dags every 300 seconds
[2026-07-09T23:37:11.639+0000] {manager.py:737} INFO - Searching for files in /opt/airflow/dags
[2026-07-09T23:37:11.642+0000] {manager.py:740} INFO - There are 1 files in /opt/airflow/dags
[2026-07-09T23:37:11.900+0000] {manager.py:878} INFO - 
================================================================================
DAG File Processing Stats

File Path                            PID  Runtime      # DAGs    # Errors  Last Runtime    Last Run
---------------------------------  -----  ---------  --------  ----------  --------------  ----------
/opt/airflow/dags/pipeline_bet.py    159  0.15s             0           0
================================================================================
[2026-07-09T23:37:42.091+0000] {manager.py:878} INFO - 
================================================================================
DAG File Processing Stats

File Path                            PID  Runtime      # DAGs    # Errors  Last Runtime    Last Run
---------------------------------  -----  ---------  --------  ----------  --------------  -------------------
/opt/airflow/dags/pipeline_bet.py    165  0.01s             1           0  0.33s           2026-07-09T23:37:12
================================================================================
[2026-07-09T23:38:12.424+0000] {manager.py:878} INFO - 
================================================================================
DAG File Processing Stats

File Path                            PID  Runtime      # DAGs    # Errors  Last Runtime    Last Run
---------------------------------  -----  ---------  --------  ----------  --------------  -------------------
/opt/airflow/dags/pipeline_bet.py    170  0.02s             1           0  0.14s           2026-07-09T23:37:42
================================================================================
[2026-07-09T23:38:42.602+0000] {manager.py:878} INFO - 
================================================================================
DAG File Processing Stats

File Path                          PID    Runtime      # DAGs    # Errors  Last Runtime    Last Run
---------------------------------  -----  ---------  --------  ----------  --------------  -------------------
/opt/airflow/dags/pipeline_bet.py                           1           0  0.24s           2026-07-09T23:38:12
================================================================================
[2026-07-09T23:39:12.956+0000] {manager.py:878} INFO - 
================================================================================
DAG File Processing Stats

File Path                            PID  Runtime      # DAGs    # Errors  Last Runtime    Last Run
---------------------------------  -----  ---------  --------  ----------  --------------  -------------------
/opt/airflow/dags/pipeline_bet.py    180  0.00s             1           0  0.15s           2026-07-09T23:38:42
================================================================================
[2026-07-09T23:39:43.268+0000] {manager.py:878} INFO - 
================================================================================
DAG File Processing Stats

File Path                            PID  Runtime      # DAGs    # Errors  Last Runtime    Last Run
---------------------------------  -----  ---------  --------  ----------  --------------  -------------------
/opt/airflow/dags/pipeline_bet.py    185  0.02s             1           0  0.15s           2026-07-09T23:39:13
================================================================================
[2026-07-09T23:40:13.458+0000] {manager.py:878} INFO - 
================================================================================
DAG File Processing Stats

File Path                          PID    Runtime      # DAGs    # Errors  Last Runtime    Last Run
---------------------------------  -----  ---------  --------  ----------  --------------  -------------------
/opt/airflow/dags/pipeline_bet.py                           1           0  0.51s           2026-07-09T23:39:43
================================================================================
[2026-07-09T23:40:43.592+0000] {manager.py:878} INFO - 
================================================================================
DAG File Processing Stats

File Path                          PID    Runtime      # DAGs    # Errors  Last Runtime    Last Run
---------------------------------  -----  ---------  --------  ----------  --------------  -------------------
/opt/airflow/dags/pipeline_bet.py                           1           0  0.54s           2026-07-09T23:40:14
================================================================================
[2026-07-09T23:41:13.841+0000] {manager.py:878} INFO - 
================================================================================
DAG File Processing Stats

File Path                          PID    Runtime      # DAGs    # Errors  Last Runtime    Last Run
---------------------------------  -----  ---------  --------  ----------  --------------  -------------------
/opt/airflow/dags/pipeline_bet.py                           1           0  0.39s           2026-07-09T23:40:45
================================================================================
[2026-07-09T23:41:44.318+0000] {manager.py:878} INFO - 
================================================================================
DAG File Processing Stats

File Path                          PID    Runtime      # DAGs    # Errors  Last Runtime    Last Run
---------------------------------  -----  ---------  --------  ----------  --------------  -------------------
/opt/airflow/dags/pipeline_bet.py                           1           0  0.13s           2026-07-09T23:41:15
================================================================================
[2026-07-09T23:42:12.573+0000] {manager.py:737} INFO - Searching for files in /opt/airflow/dags
[2026-07-09T23:42:12.583+0000] {manager.py:740} INFO - There are 1 files in /opt/airflow/dags
[2026-07-09T23:42:14.623+0000] {manager.py:878} INFO - 
================================================================================
DAG File Processing Stats

File Path                          PID    Runtime      # DAGs    # Errors  Last Runtime    Last Run
---------------------------------  -----  ---------  --------  ----------  --------------  -------------------
/opt/airflow/dags/pipeline_bet.py                           1           0  0.12s           2026-07-09T23:41:45
================================================================================
[2026-07-09T23:42:44.816+0000] {manager.py:878} INFO - 
================================================================================
DAG File Processing Stats

File Path                          PID    Runtime      # DAGs    # Errors  Last Runtime    Last Run
---------------------------------  -----  ---------  --------  ----------  --------------  -------------------
/opt/airflow/dags/pipeline_bet.py                           1           0  0.12s           2026-07-09T23:42:15
================================================================================
[2026-07-09T23:43:15.089+0000] {manager.py:878} INFO - 
================================================================================
DAG File Processing Stats

File Path                          PID    Runtime      # DAGs    # Errors  Last Runtime    Last Run
---------------------------------  -----  ---------  --------  ----------  --------------  -------------------
/opt/airflow/dags/pipeline_bet.py                           1           0  0.16s           2026-07-09T23:42:45
================================================================================
[2026-07-09T23:43:45.285+0000] {manager.py:878} INFO - 
================================================================================
DAG File Processing Stats

File Path                          PID    Runtime      # DAGs    # Errors  Last Runtime    Last Run
---------------------------------  -----  ---------  --------  ----------  --------------  -------------------
/opt/airflow/dags/pipeline_bet.py                           1           0  0.13s           2026-07-09T23:43:16
================================================================================
[2026-07-09T23:44:15.500+0000] {manager.py:878} INFO - 
================================================================================
DAG File Processing Stats

File Path                          PID    Runtime      # DAGs    # Errors  Last Runtime    Last Run
---------------------------------  -----  ---------  --------  ----------  --------------  -------------------
/opt/airflow/dags/pipeline_bet.py                           1           0  0.14s           2026-07-09T23:43:46
================================================================================
[2026-07-09T23:44:45.733+0000] {manager.py:878} INFO - 
================================================================================
DAG File Processing Stats

File Path                          PID    Runtime      # DAGs    # Errors  Last Runtime    Last Run
---------------------------------  -----  ---------  --------  ----------  --------------  -------------------
/opt/airflow/dags/pipeline_bet.py                           1           0  0.12s           2026-07-09T23:44:16
================================================================================
[2026-07-09T23:45:15.945+0000] {manager.py:878} INFO - 
================================================================================
DAG File Processing Stats

File Path                          PID    Runtime      # DAGs    # Errors  Last Runtime    Last Run
---------------------------------  -----  ---------  --------  ----------  --------------  -------------------
/opt/airflow/dags/pipeline_bet.py                           1           0  0.14s           2026-07-09T23:44:46
================================================================================
[2026-07-09T23:45:46.217+0000] {manager.py:878} INFO - 
================================================================================
DAG File Processing Stats

File Path                          PID    Runtime      # DAGs    # Errors  Last Runtime    Last Run
---------------------------------  -----  ---------  --------  ----------  --------------  -------------------
/opt/airflow/dags/pipeline_bet.py                           1           0  0.12s           2026-07-09T23:45:17
================================================================================
[2026-07-09T23:46:16.388+0000] {manager.py:878} INFO - 
================================================================================
DAG File Processing Stats

File Path                          PID    Runtime      # DAGs    # Errors  Last Runtime    Last Run
---------------------------------  -----  ---------  --------  ----------  --------------  -------------------
/opt/airflow/dags/pipeline_bet.py                           1           0  0.16s           2026-07-09T23:45:47
================================================================================
[2026-07-09T23:46:46.668+0000] {manager.py:878} INFO - 
================================================================================
DAG File Processing Stats

File Path                          PID    Runtime      # DAGs    # Errors  Last Runtime    Last Run
---------------------------------  -----  ---------  --------  ----------  --------------  -------------------
/opt/airflow/dags/pipeline_bet.py                           1           0  0.18s           2026-07-09T23:46:17
================================================================================
[2026-07-09T23:47:12.854+0000] {manager.py:737} INFO - Searching for files in /opt/airflow/dags
[2026-07-09T23:47:12.857+0000] {manager.py:740} INFO - There are 1 files in /opt/airflow/dags
[2026-07-09T23:47:16.899+0000] {manager.py:878} INFO - 
================================================================================
DAG File Processing Stats

File Path                          PID    Runtime      # DAGs    # Errors  Last Runtime    Last Run
---------------------------------  -----  ---------  --------  ----------  --------------  -------------------
/opt/airflow/dags/pipeline_bet.py                           1           0  0.11s           2026-07-09T23:46:47
================================================================================
[2026-07-09T23:47:47.089+0000] {manager.py:878} INFO - 
================================================================================
DAG File Processing Stats

File Path                          PID    Runtime      # DAGs    # Errors  Last Runtime    Last Run
---------------------------------  -----  ---------  --------  ----------  --------------  -------------------
/opt/airflow/dags/pipeline_bet.py                           1           0  0.12s           2026-07-09T23:47:18
================================================================================
[2026-07-09T23:48:17.316+0000] {manager.py:878} INFO - 
================================================================================
DAG File Processing Stats

File Path                          PID    Runtime      # DAGs    # Errors  Last Runtime    Last Run
---------------------------------  -----  ---------  --------  ----------  --------------  -------------------
/opt/airflow/dags/pipeline_bet.py                           1           0  0.11s           2026-07-09T23:47:48
================================================================================
[2026-07-09T23:48:47.524+0000] {manager.py:878} INFO - 
================================================================================
DAG File Processing Stats

File Path                          PID    Runtime      # DAGs    # Errors  Last Runtime    Last Run
---------------------------------  -----  ---------  --------  ----------  --------------  -------------------
/opt/airflow/dags/pipeline_bet.py                           1           0  0.12s           2026-07-09T23:48:18
================================================================================
[2026-07-09T23:49:17.754+0000] {manager.py:878} INFO - 
================================================================================
DAG File Processing Stats

File Path                          PID    Runtime      # DAGs    # Errors  Last Runtime    Last Run
---------------------------------  -----  ---------  --------  ----------  --------------  -------------------
/opt/airflow/dags/pipeline_bet.py                           1           0  0.18s           2026-07-09T23:48:48
================================================================================
[2026-07-09T23:49:27.496+0000] {manager.py:452} INFO - Exiting gracefully upon receiving signal 15
[2026-07-09T23:51:43.571+0000] {manager.py:470} INFO - Processing files using up to 2 processes at a time 
[2026-07-09T23:51:43.574+0000] {manager.py:471} INFO - Process each file at most once every 30 seconds
[2026-07-09T23:51:43.574+0000] {manager.py:472} INFO - Checking for new files in /opt/airflow/dags every 300 seconds
[2026-07-09T23:51:43.576+0000] {manager.py:737} INFO - Searching for files in /opt/airflow/dags
[2026-07-09T23:51:43.580+0000] {manager.py:740} INFO - There are 1 files in /opt/airflow/dags
[2026-07-09T23:51:44.502+0000] {manager.py:878} INFO - 
================================================================================
DAG File Processing Stats

File Path                            PID  Runtime      # DAGs    # Errors  Last Runtime    Last Run
---------------------------------  -----  ---------  --------  ----------  --------------  ----------
/opt/airflow/dags/pipeline_bet.py    159  0.56s             0           0
================================================================================
[2026-07-09T23:52:14.734+0000] {manager.py:878} INFO - 
================================================================================
DAG File Processing Stats

File Path                          PID    Runtime      # DAGs    # Errors  Last Runtime    Last Run
---------------------------------  -----  ---------  --------  ----------  --------------  -------------------
/opt/airflow/dags/pipeline_bet.py                           1           0  0.88s           2026-07-09T23:51:44
================================================================================
[2026-07-09T23:52:45.356+0000] {manager.py:878} INFO - 
================================================================================
DAG File Processing Stats

File Path                          PID    Runtime      # DAGs    # Errors  Last Runtime    Last Run
---------------------------------  -----  ---------  --------  ----------  --------------  -------------------
/opt/airflow/dags/pipeline_bet.py                           1           0  1.17s           2026-07-09T23:52:16
================================================================================
[2026-07-09T23:53:15.791+0000] {manager.py:878} INFO - 
================================================================================
DAG File Processing Stats

File Path                          PID    Runtime      # DAGs    # Errors  Last Runtime    Last Run
---------------------------------  -----  ---------  --------  ----------  --------------  -------------------
/opt/airflow/dags/pipeline_bet.py                           1           0  4.18s           2026-07-09T23:52:50
================================================================================
[2026-07-09T23:53:46.048+0000] {manager.py:878} INFO - 
================================================================================
DAG File Processing Stats

File Path                          PID    Runtime      # DAGs    # Errors  Last Runtime    Last Run
---------------------------------  -----  ---------  --------  ----------  --------------  -------------------
/opt/airflow/dags/pipeline_bet.py                           1           0  0.90s           2026-07-09T23:53:21
================================================================================
[2026-07-09T23:54:16.158+0000] {manager.py:878} INFO - 
================================================================================
DAG File Processing Stats

File Path                          PID    Runtime      # DAGs    # Errors  Last Runtime    Last Run
---------------------------------  -----  ---------  --------  ----------  --------------  -------------------
/opt/airflow/dags/pipeline_bet.py                           1           0  4.14s           2026-07-09T23:53:56
================================================================================
[2026-07-09T23:54:46.349+0000] {manager.py:878} INFO - 
================================================================================
DAG File Processing Stats

File Path                          PID    Runtime      # DAGs    # Errors  Last Runtime    Last Run
---------------------------------  -----  ---------  --------  ----------  --------------  -------------------
/opt/airflow/dags/pipeline_bet.py                           1           0  0.51s           2026-07-09T23:54:27
================================================================================
[2026-07-09T23:55:16.553+0000] {manager.py:878} INFO - 
================================================================================
DAG File Processing Stats

File Path                          PID    Runtime      # DAGs    # Errors  Last Runtime    Last Run
---------------------------------  -----  ---------  --------  ----------  --------------  -------------------
/opt/airflow/dags/pipeline_bet.py                           1           0  0.28s           2026-07-09T23:54:57
================================================================================
[2026-07-09T23:55:46.980+0000] {manager.py:878} INFO - 
================================================================================
DAG File Processing Stats

File Path                          PID    Runtime      # DAGs    # Errors  Last Runtime    Last Run
---------------------------------  -----  ---------  --------  ----------  --------------  -------------------
/opt/airflow/dags/pipeline_bet.py                           1           0  1.16s           2026-07-09T23:55:29
================================================================================
[2026-07-09T23:56:17.268+0000] {manager.py:878} INFO - 
================================================================================
DAG File Processing Stats

File Path                          PID    Runtime      # DAGs    # Errors  Last Runtime    Last Run
---------------------------------  -----  ---------  --------  ----------  --------------  -------------------
/opt/airflow/dags/pipeline_bet.py                           1           0  0.36s           2026-07-09T23:55:59
================================================================================
[2026-07-09T23:56:43.683+0000] {manager.py:737} INFO - Searching for files in /opt/airflow/dags
[2026-07-09T23:56:43.696+0000] {manager.py:740} INFO - There are 1 files in /opt/airflow/dags
[2026-07-09T23:56:47.754+0000] {manager.py:878} INFO - 
================================================================================
DAG File Processing Stats

File Path                          PID    Runtime      # DAGs    # Errors  Last Runtime    Last Run
---------------------------------  -----  ---------  --------  ----------  --------------  -------------------
/opt/airflow/dags/pipeline_bet.py                           1           0  0.18s           2026-07-09T23:56:29
================================================================================
[2026-07-09T23:57:18.021+0000] {manager.py:878} INFO - 
================================================================================
DAG File Processing Stats

File Path                          PID    Runtime      # DAGs    # Errors  Last Runtime    Last Run
---------------------------------  -----  ---------  --------  ----------  --------------  -------------------
/opt/airflow/dags/pipeline_bet.py                           1           0  0.13s           2026-07-09T23:56:59
================================================================================
[2026-07-09T23:57:48.200+0000] {manager.py:878} INFO - 
================================================================================
DAG File Processing Stats

File Path                          PID    Runtime      # DAGs    # Errors  Last Runtime    Last Run
---------------------------------  -----  ---------  --------  ----------  --------------  -------------------
/opt/airflow/dags/pipeline_bet.py                           1           0  0.22s           2026-07-09T23:57:30
================================================================================
[2026-07-09T23:58:18.560+0000] {manager.py:878} INFO - 
================================================================================
DAG File Processing Stats

File Path                          PID    Runtime      # DAGs    # Errors  Last Runtime    Last Run
---------------------------------  -----  ---------  --------  ----------  --------------  -------------------
/opt/airflow/dags/pipeline_bet.py                           1           0  0.24s           2026-07-09T23:58:00
================================================================================
[2026-07-09T23:58:48.933+0000] {manager.py:878} INFO - 
================================================================================
DAG File Processing Stats

File Path                          PID    Runtime      # DAGs    # Errors  Last Runtime    Last Run
---------------------------------  -----  ---------  --------  ----------  --------------  -------------------
/opt/airflow/dags/pipeline_bet.py                           1           0  0.32s           2026-07-09T23:58:31
================================================================================
[2026-07-09T23:59:19.418+0000] {manager.py:878} INFO - 
================================================================================
DAG File Processing Stats

File Path                          PID    Runtime      # DAGs    # Errors  Last Runtime    Last Run
---------------------------------  -----  ---------  --------  ----------  --------------  -------------------
/opt/airflow/dags/pipeline_bet.py                           1           0  0.19s           2026-07-09T23:59:01
================================================================================
[2026-07-09T23:59:49.428+0000] {manager.py:878} INFO - 
================================================================================
DAG File Processing Stats

File Path                          PID    Runtime      # DAGs    # Errors  Last Runtime    Last Run
---------------------------------  -----  ---------  --------  ----------  --------------  -------------------
/opt/airflow/dags/pipeline_bet.py                           1           0  0.70s           2026-07-09T23:59:32
================================================================================
[2026-07-10T00:00:20.009+0000] {manager.py:878} INFO - 
================================================================================
DAG File Processing Stats

File Path                          PID    Runtime      # DAGs    # Errors  Last Runtime    Last Run
---------------------------------  -----  ---------  --------  ----------  --------------  -------------------
/opt/airflow/dags/pipeline_bet.py                           1           0  1.56s           2026-07-10T00:00:04
================================================================================
[2026-07-10T00:00:50.321+0000] {manager.py:878} INFO - 
================================================================================
DAG File Processing Stats

File Path                          PID    Runtime      # DAGs    # Errors  Last Runtime    Last Run
---------------------------------  -----  ---------  --------  ----------  --------------  -------------------
/opt/airflow/dags/pipeline_bet.py                           1           0  0.42s           2026-07-10T00:00:34
================================================================================
[2026-07-10T00:01:20.883+0000] {manager.py:878} INFO - 
================================================================================
DAG File Processing Stats

File Path                          PID    Runtime      # DAGs    # Errors  Last Runtime    Last Run
---------------------------------  -----  ---------  --------  ----------  --------------  -------------------
/opt/airflow/dags/pipeline_bet.py                           1           0  0.17s           2026-07-10T00:01:04
================================================================================
[2026-07-10T00:01:44.149+0000] {manager.py:737} INFO - Searching for files in /opt/airflow/dags
[2026-07-10T00:01:44.153+0000] {manager.py:740} INFO - There are 1 files in /opt/airflow/dags
[2026-07-10T00:01:51.240+0000] {manager.py:878} INFO - 
================================================================================
DAG File Processing Stats

File Path                          PID    Runtime      # DAGs    # Errors  Last Runtime    Last Run
---------------------------------  -----  ---------  --------  ----------  --------------  -------------------
/opt/airflow/dags/pipeline_bet.py                           1           0  0.39s           2026-07-10T00:01:35
================================================================================
[2026-07-10T00:02:23.412+0000] {manager.py:878} INFO - 
================================================================================
DAG File Processing Stats

File Path                            PID  Runtime      # DAGs    # Errors  Last Runtime    Last Run
---------------------------------  -----  ---------  --------  ----------  --------------  -------------------
/opt/airflow/dags/pipeline_bet.py    276  17.69s            1           0  0.39s           2026-07-10T00:01:35
================================================================================
[2026-07-10T00:02:54.877+0000] {manager.py:878} INFO - 
================================================================================
DAG File Processing Stats

File Path                            PID  Runtime      # DAGs    # Errors  Last Runtime    Last Run
---------------------------------  -----  ---------  --------  ----------  --------------  -------------------
/opt/airflow/dags/pipeline_bet.py    276  49.31s            1           0  0.39s           2026-07-10T00:01:35
================================================================================
[2026-07-10T00:02:55.212+0000] {manager.py:1016} ERROR - Processor for /opt/airflow/dags/pipeline_bet.py exited with return code 1.
[2026-07-10T00:03:25.128+0000] {manager.py:878} INFO - 
================================================================================
DAG File Processing Stats

File Path                          PID    Runtime      # DAGs    # Errors  Last Runtime    Last Run
---------------------------------  -----  ---------  --------  ----------  --------------  -------------------
/opt/airflow/dags/pipeline_bet.py                           0          -1  49.67s          2026-07-10T00:02:55
================================================================================
[2026-07-10T00:03:55.296+0000] {manager.py:878} INFO - 
================================================================================
DAG File Processing Stats

File Path                          PID    Runtime      # DAGs    # Errors  Last Runtime    Last Run
---------------------------------  -----  ---------  --------  ----------  --------------  -------------------
/opt/airflow/dags/pipeline_bet.py                           1           0  1.00s           2026-07-10T00:03:26
================================================================================
[2026-07-10T00:04:25.983+0000] {manager.py:878} INFO - 
================================================================================
DAG File Processing Stats

File Path                          PID    Runtime      # DAGs    # Errors  Last Runtime    Last Run
---------------------------------  -----  ---------  --------  ----------  --------------  -------------------
/opt/airflow/dags/pipeline_bet.py                           1           0  0.34s           2026-07-10T00:03:56
================================================================================
[2026-07-10T00:04:56.083+0000] {manager.py:878} INFO - 
================================================================================
DAG File Processing Stats

File Path                          PID    Runtime      # DAGs    # Errors  Last Runtime    Last Run
---------------------------------  -----  ---------  --------  ----------  --------------  -------------------
/opt/airflow/dags/pipeline_bet.py                           1           0  9.77s           2026-07-10T00:04:37
================================================================================
[2026-07-10T00:05:46.435+0000] {manager.py:878} INFO - 
================================================================================
DAG File Processing Stats

File Path                            PID  Runtime      # DAGs    # Errors  Last Runtime    Last Run
---------------------------------  -----  ---------  --------  ----------  --------------  -------------------
/opt/airflow/dags/pipeline_bet.py    298  36.50s            1           0  9.77s           2026-07-10T00:04:37
================================================================================
[2026-07-10T00:06:07.494+0000] {manager.py:1203} ERROR - Processor for /opt/airflow/dags/pipeline_bet.py with PID 298 started at 2026-07-10T00:05:07.261942+00:00 has timed out, killing it.
[2026-07-10T00:06:22.120+0000] {manager.py:878} INFO - 
================================================================================
DAG File Processing Stats

File Path                          PID    Runtime      # DAGs    # Errors  Last Runtime    Last Run
---------------------------------  -----  ---------  --------  ----------  --------------  -------------------
/opt/airflow/dags/pipeline_bet.py                           0           1  60.22s          2026-07-10T00:06:07
================================================================================
[2026-07-10T00:06:44.295+0000] {manager.py:737} INFO - Searching for files in /opt/airflow/dags
[2026-07-10T00:06:44.303+0000] {manager.py:740} INFO - There are 1 files in /opt/airflow/dags
[2026-07-10T00:06:52.440+0000] {manager.py:878} INFO - 
================================================================================
DAG File Processing Stats

File Path                          PID    Runtime      # DAGs    # Errors  Last Runtime    Last Run
---------------------------------  -----  ---------  --------  ----------  --------------  -------------------
/opt/airflow/dags/pipeline_bet.py                           1           0  0.44s           2026-07-10T00:06:38
================================================================================
[2026-07-10T00:07:25.593+0000] {manager.py:878} INFO - 
================================================================================
DAG File Processing Stats

File Path                            PID  Runtime      # DAGs    # Errors  Last Runtime    Last Run
---------------------------------  -----  ---------  --------  ----------  --------------  -------------------
/opt/airflow/dags/pipeline_bet.py    307  3.35s             1           0  0.44s           2026-07-10T00:06:38
================================================================================
[2026-07-10T00:07:58.625+0000] {manager.py:878} INFO - 
================================================================================
DAG File Processing Stats

File Path                            PID  Runtime      # DAGs    # Errors  Last Runtime    Last Run
---------------------------------  -----  ---------  --------  ----------  --------------  -------------------
/opt/airflow/dags/pipeline_bet.py    307  36.06s            1           0  0.44s           2026-07-10T00:06:38
================================================================================
[2026-07-15T00:14:59.704+0000] {manager.py:470} INFO - Processing files using up to 2 processes at a time 
[2026-07-15T00:14:59.706+0000] {manager.py:471} INFO - Process each file at most once every 30 seconds
[2026-07-15T00:14:59.706+0000] {manager.py:472} INFO - Checking for new files in /opt/airflow/dags every 300 seconds
[2026-07-15T00:14:59.707+0000] {manager.py:737} INFO - Searching for files in /opt/airflow/dags
[2026-07-15T00:14:59.722+0000] {manager.py:740} INFO - There are 1 files in /opt/airflow/dags
[2026-07-15T00:15:00.561+0000] {manager.py:878} INFO - 
================================================================================
DAG File Processing Stats

File Path                            PID  Runtime      # DAGs    # Errors  Last Runtime    Last Run
---------------------------------  -----  ---------  --------  ----------  --------------  ----------
/opt/airflow/dags/pipeline_bet.py    188  0.28s             0           0
================================================================================
[2026-07-15T00:15:31.222+0000] {manager.py:878} INFO - 
================================================================================
DAG File Processing Stats

File Path                          PID    Runtime      # DAGs    # Errors  Last Runtime    Last Run
---------------------------------  -----  ---------  --------  ----------  --------------  -------------------
/opt/airflow/dags/pipeline_bet.py                           1           0  1.49s           2026-07-15T00:15:01
================================================================================
[2026-07-15T00:16:02.373+0000] {manager.py:878} INFO - 
================================================================================
DAG File Processing Stats

File Path                          PID    Runtime      # DAGs    # Errors  Last Runtime    Last Run
---------------------------------  -----  ---------  --------  ----------  --------------  -------------------
/opt/airflow/dags/pipeline_bet.py                           1           0  9.12s           2026-07-15T00:15:41
================================================================================
[2026-07-15T00:16:32.966+0000] {manager.py:878} INFO - 
================================================================================
DAG File Processing Stats

File Path                          PID    Runtime      # DAGs    # Errors  Last Runtime    Last Run
---------------------------------  -----  ---------  --------  ----------  --------------  -------------------
/opt/airflow/dags/pipeline_bet.py                           1           0  3.40s           2026-07-15T00:16:15
================================================================================
[2026-07-15T00:17:03.249+0000] {manager.py:878} INFO - 
================================================================================
DAG File Processing Stats

File Path                          PID    Runtime      # DAGs    # Errors  Last Runtime    Last Run
---------------------------------  -----  ---------  --------  ----------  --------------  -------------------
/opt/airflow/dags/pipeline_bet.py                           1           0  0.98s           2026-07-15T00:16:47
================================================================================
[2026-07-15T00:17:33.598+0000] {manager.py:878} INFO - 
================================================================================
DAG File Processing Stats

File Path                          PID    Runtime      # DAGs    # Errors  Last Runtime    Last Run
---------------------------------  -----  ---------  --------  ----------  --------------  -------------------
/opt/airflow/dags/pipeline_bet.py                           1           0  0.93s           2026-07-15T00:17:18
================================================================================
[2026-07-15T00:18:03.652+0000] {manager.py:878} INFO - 
================================================================================
DAG File Processing Stats

File Path                          PID    Runtime      # DAGs    # Errors  Last Runtime    Last Run
---------------------------------  -----  ---------  --------  ----------  --------------  -------------------
/opt/airflow/dags/pipeline_bet.py                           1           0  0.83s           2026-07-15T00:17:49
================================================================================
[2026-07-15T00:18:34.111+0000] {manager.py:878} INFO - 
================================================================================
DAG File Processing Stats

File Path                          PID    Runtime      # DAGs    # Errors  Last Runtime    Last Run
---------------------------------  -----  ---------  --------  ----------  --------------  -------------------
/opt/airflow/dags/pipeline_bet.py                           1           0  0.53s           2026-07-15T00:18:20
================================================================================
[2026-07-15T00:19:04.246+0000] {manager.py:878} INFO - 
================================================================================
DAG File Processing Stats

File Path                          PID    Runtime      # DAGs    # Errors  Last Runtime    Last Run
---------------------------------  -----  ---------  --------  ----------  --------------  -------------------
/opt/airflow/dags/pipeline_bet.py                           1           0  0.62s           2026-07-15T00:18:51
================================================================================
[2026-07-15T00:19:35.044+0000] {manager.py:878} INFO - 
================================================================================
DAG File Processing Stats

File Path                          PID    Runtime      # DAGs    # Errors  Last Runtime    Last Run
---------------------------------  -----  ---------  --------  ----------  --------------  -------------------
/opt/airflow/dags/pipeline_bet.py                           1           0  1.63s           2026-07-15T00:19:22
================================================================================
[2026-07-15T00:19:59.736+0000] {manager.py:737} INFO - Searching for files in /opt/airflow/dags
[2026-07-15T00:19:59.743+0000] {manager.py:740} INFO - There are 1 files in /opt/airflow/dags
[2026-07-15T00:20:05.569+0000] {manager.py:878} INFO - 
================================================================================
DAG File Processing Stats

File Path                          PID    Runtime      # DAGs    # Errors  Last Runtime    Last Run
---------------------------------  -----  ---------  --------  ----------  --------------  -------------------
/opt/airflow/dags/pipeline_bet.py                           1           0  1.45s           2026-07-15T00:19:54
================================================================================
[2026-07-15T00:20:35.724+0000] {manager.py:878} INFO - 
================================================================================
DAG File Processing Stats

File Path                          PID    Runtime      # DAGs    # Errors  Last Runtime    Last Run
---------------------------------  -----  ---------  --------  ----------  --------------  -------------------
/opt/airflow/dags/pipeline_bet.py                           1           0  1.72s           2026-07-15T00:20:26
================================================================================
[2026-07-15T00:21:06.092+0000] {manager.py:878} INFO - 
================================================================================
DAG File Processing Stats

File Path                          PID    Runtime      # DAGs    # Errors  Last Runtime    Last Run
---------------------------------  -----  ---------  --------  ----------  --------------  -------------------
/opt/airflow/dags/pipeline_bet.py                           1           0  2.11s           2026-07-15T00:20:59
================================================================================
[2026-07-15T00:21:36.508+0000] {manager.py:878} INFO - 
================================================================================
DAG File Processing Stats

File Path                          PID    Runtime      # DAGs    # Errors  Last Runtime    Last Run
---------------------------------  -----  ---------  --------  ----------  --------------  -------------------
/opt/airflow/dags/pipeline_bet.py                           1           0  0.39s           2026-07-15T00:21:29
================================================================================
[2026-07-15T00:22:06.805+0000] {manager.py:878} INFO - 
================================================================================
DAG File Processing Stats

File Path                          PID    Runtime      # DAGs    # Errors  Last Runtime    Last Run
---------------------------------  -----  ---------  --------  ----------  --------------  -------------------
/opt/airflow/dags/pipeline_bet.py                           1           0  0.13s           2026-07-15T00:21:59
================================================================================
[2026-07-15T00:22:37.217+0000] {manager.py:878} INFO - 
================================================================================
DAG File Processing Stats

File Path                          PID    Runtime      # DAGs    # Errors  Last Runtime    Last Run
---------------------------------  -----  ---------  --------  ----------  --------------  -------------------
/opt/airflow/dags/pipeline_bet.py                           1           0  1.65s           2026-07-15T00:22:31
================================================================================
[2026-07-15T00:23:07.489+0000] {manager.py:878} INFO - 
================================================================================
DAG File Processing Stats

File Path                          PID    Runtime      # DAGs    # Errors  Last Runtime    Last Run
---------------------------------  -----  ---------  --------  ----------  --------------  -------------------
/opt/airflow/dags/pipeline_bet.py                           1           0  1.53s           2026-07-15T00:23:03
================================================================================
[2026-07-15T00:23:37.909+0000] {manager.py:878} INFO - 
================================================================================
DAG File Processing Stats

File Path                          PID    Runtime      # DAGs    # Errors  Last Runtime    Last Run
---------------------------------  -----  ---------  --------  ----------  --------------  -------------------
/opt/airflow/dags/pipeline_bet.py                           1           0  0.68s           2026-07-15T00:23:34
================================================================================
[2026-07-15T00:24:08.384+0000] {manager.py:878} INFO - 
================================================================================
DAG File Processing Stats

File Path                            PID  Runtime      # DAGs    # Errors  Last Runtime    Last Run
---------------------------------  -----  ---------  --------  ----------  --------------  -------------------
/opt/airflow/dags/pipeline_bet.py    280  3.51s             1           0  0.68s           2026-07-15T00:23:34
================================================================================
[2026-07-15T00:24:38.888+0000] {manager.py:878} INFO - 
================================================================================
DAG File Processing Stats

File Path                          PID    Runtime      # DAGs    # Errors  Last Runtime    Last Run
---------------------------------  -----  ---------  --------  ----------  --------------  -------------------
/opt/airflow/dags/pipeline_bet.py                           1           0  6.51s           2026-07-15T00:24:11
================================================================================
[2026-07-15T00:25:00.598+0000] {manager.py:737} INFO - Searching for files in /opt/airflow/dags
[2026-07-15T00:25:01.163+0000] {manager.py:740} INFO - There are 2 files in /opt/airflow/dags
[2026-07-15T00:25:09.792+0000] {manager.py:878} INFO - 
================================================================================
DAG File Processing Stats

File Path                           PID    Runtime      # DAGs    # Errors  Last Runtime    Last Run
----------------------------------  -----  ---------  --------  ----------  --------------  -------------------
/opt/airflow/dags/pipeline_bet.py                            1           0  23.94s          2026-07-15T00:25:06
/opt/airflow/dags/pipeline_bets.py                           0           1  6.99s           2026-07-15T00:25:08
================================================================================
[2026-07-15T00:25:40.479+0000] {manager.py:878} INFO - 
================================================================================
DAG File Processing Stats

File Path                             PID  Runtime      # DAGs    # Errors  Last Runtime    Last Run
----------------------------------  -----  ---------  --------  ----------  --------------  -------------------
/opt/airflow/dags/pipeline_bet.py     295  2.55s             1           0  23.94s          2026-07-15T00:25:06
/opt/airflow/dags/pipeline_bets.py    298  1.08s             0           1  6.99s           2026-07-15T00:25:08
================================================================================
[2026-07-15T00:26:16.323+0000] {manager.py:878} INFO - 
================================================================================
DAG File Processing Stats

File Path                           PID    Runtime      # DAGs    # Errors  Last Runtime    Last Run
----------------------------------  -----  ---------  --------  ----------  --------------  -------------------
/opt/airflow/dags/pipeline_bet.py                            1           0  11.28s          2026-07-15T00:25:48
/opt/airflow/dags/pipeline_bets.py                           0           1  8.52s           2026-07-15T00:25:47
================================================================================
[2026-07-15T00:26:17.412+0000] {manager.py:452} INFO - Exiting gracefully upon receiving signal 15
[2026-07-15T00:30:12.475+0000] {manager.py:470} INFO - Processing files using up to 2 processes at a time 
[2026-07-15T00:30:12.480+0000] {manager.py:471} INFO - Process each file at most once every 30 seconds
[2026-07-15T00:30:12.482+0000] {manager.py:472} INFO - Checking for new files in /opt/airflow/dags every 300 seconds
[2026-07-15T00:30:12.490+0000] {manager.py:737} INFO - Searching for files in /opt/airflow/dags
[2026-07-15T00:30:12.541+0000] {manager.py:740} INFO - There are 2 files in /opt/airflow/dags
[2026-07-15T00:30:14.809+0000] {manager.py:878} INFO - 
================================================================================
DAG File Processing Stats

File Path                             PID  Runtime      # DAGs    # Errors  Last Runtime    Last Run
----------------------------------  -----  ---------  --------  ----------  --------------  -------------------
/opt/airflow/dags/pipeline_bets.py                           0           1  0.77s           2026-07-15T00:30:14
/opt/airflow/dags/pipeline_bet.py     169  0.56s             0           0
================================================================================
[2026-07-15T00:30:46.252+0000] {manager.py:878} INFO - 
================================================================================
DAG File Processing Stats

File Path                             PID  Runtime      # DAGs    # Errors  Last Runtime    Last Run
----------------------------------  -----  ---------  --------  ----------  --------------  -------------------
/opt/airflow/dags/pipeline_bet.py                            1           0  2.50s           2026-07-15T00:30:16
/opt/airflow/dags/pipeline_bets.py    177  0.63s             0           1  0.77s           2026-07-15T00:30:14
================================================================================
[2026-07-15T00:31:17.060+0000] {manager.py:878} INFO - 
================================================================================
DAG File Processing Stats

File Path                           PID    Runtime      # DAGs    # Errors  Last Runtime    Last Run
----------------------------------  -----  ---------  --------  ----------  --------------  -------------------
/opt/airflow/dags/pipeline_bets.py                           0           1  6.36s           2026-07-15T00:30:51
/opt/airflow/dags/pipeline_bet.py                            1           0  5.96s           2026-07-15T00:30:52
================================================================================
[2026-07-15T00:31:47.647+0000] {manager.py:878} INFO - 
================================================================================
DAG File Processing Stats

File Path                           PID    Runtime      # DAGs    # Errors  Last Runtime    Last Run
----------------------------------  -----  ---------  --------  ----------  --------------  -------------------
/opt/airflow/dags/pipeline_bet.py                            1           0  4.28s           2026-07-15T00:31:28
/opt/airflow/dags/pipeline_bets.py                           0           1  3.23s           2026-07-15T00:31:25
================================================================================
[2026-07-15T00:32:18.592+0000] {manager.py:878} INFO - 
================================================================================
DAG File Processing Stats

File Path                           PID    Runtime      # DAGs    # Errors  Last Runtime    Last Run
----------------------------------  -----  ---------  --------  ----------  --------------  -------------------
/opt/airflow/dags/pipeline_bets.py                           0           1  2.47s           2026-07-15T00:31:58
/opt/airflow/dags/pipeline_bet.py                            1           0  1.27s           2026-07-15T00:31:59
================================================================================
[2026-07-15T00:32:49.344+0000] {manager.py:878} INFO - 
================================================================================
DAG File Processing Stats

File Path                           PID    Runtime      # DAGs    # Errors  Last Runtime    Last Run
----------------------------------  -----  ---------  --------  ----------  --------------  -------------------
/opt/airflow/dags/pipeline_bet.py                            1           0  5.87s           2026-07-15T00:32:36
/opt/airflow/dags/pipeline_bets.py                           0           1  4.30s           2026-07-15T00:32:33
================================================================================
[2026-07-15T00:33:20.088+0000] {manager.py:878} INFO - 
================================================================================
DAG File Processing Stats

File Path                           PID    Runtime      # DAGs    # Errors  Last Runtime    Last Run
----------------------------------  -----  ---------  --------  ----------  --------------  -------------------
/opt/airflow/dags/pipeline_bets.py                           0           1  2.46s           2026-07-15T00:33:06
/opt/airflow/dags/pipeline_bet.py                            1           0  2.07s           2026-07-15T00:33:08
================================================================================
[2026-07-15T00:33:50.984+0000] {manager.py:878} INFO - 
================================================================================
DAG File Processing Stats

File Path                             PID  Runtime      # DAGs    # Errors  Last Runtime    Last Run
----------------------------------  -----  ---------  --------  ----------  --------------  -------------------
/opt/airflow/dags/pipeline_bets.py                           0           1  12.06s          2026-07-15T00:33:48
/opt/airflow/dags/pipeline_bet.py     230  11.81s            1           0  2.07s           2026-07-15T00:33:08
================================================================================
[2026-07-15T00:34:21.963+0000] {manager.py:878} INFO - 
================================================================================
DAG File Processing Stats

File Path                             PID  Runtime      # DAGs    # Errors  Last Runtime    Last Run
----------------------------------  -----  ---------  --------  ----------  --------------  -------------------
/opt/airflow/dags/pipeline_bets.py    237  2.19s             0           1  12.06s          2026-07-15T00:33:48
/opt/airflow/dags/pipeline_bet.py     240  0.05s             1           0  11.94s          2026-07-15T00:33:51
================================================================================
[2026-07-15T00:34:52.174+0000] {manager.py:878} INFO - 
================================================================================
DAG File Processing Stats

File Path                           PID    Runtime      # DAGs    # Errors  Last Runtime    Last Run
----------------------------------  -----  ---------  --------  ----------  --------------  -------------------
/opt/airflow/dags/pipeline_bets.py                           0           1  3.42s           2026-07-15T00:34:22
/opt/airflow/dags/pipeline_bet.py                            1           0  2.44s           2026-07-15T00:34:24
================================================================================
[2026-07-15T00:35:12.801+0000] {manager.py:737} INFO - Searching for files in /opt/airflow/dags
[2026-07-15T00:35:13.049+0000] {manager.py:740} INFO - There are 2 files in /opt/airflow/dags
[2026-07-15T00:35:22.421+0000] {manager.py:878} INFO - 
================================================================================
DAG File Processing Stats

File Path                           PID    Runtime      # DAGs    # Errors  Last Runtime    Last Run
----------------------------------  -----  ---------  --------  ----------  --------------  -------------------
/opt/airflow/dags/pipeline_bet.py                            1           0  1.92s           2026-07-15T00:34:56
/opt/airflow/dags/pipeline_bets.py                           0           1  1.26s           2026-07-15T00:34:54
================================================================================
[2026-07-15T00:35:52.677+0000] {manager.py:878} INFO - 
================================================================================
DAG File Processing Stats

File Path                           PID    Runtime      # DAGs    # Errors  Last Runtime    Last Run
----------------------------------  -----  ---------  --------  ----------  --------------  -------------------
/opt/airflow/dags/pipeline_bet.py                            1           0  2.24s           2026-07-15T00:35:28
/opt/airflow/dags/pipeline_bets.py                           0           1  1.84s           2026-07-15T00:35:26
================================================================================
[2026-07-15T00:36:23.169+0000] {manager.py:878} INFO - 
================================================================================
DAG File Processing Stats

File Path                           PID    Runtime      # DAGs    # Errors  Last Runtime    Last Run
----------------------------------  -----  ---------  --------  ----------  --------------  -------------------
/opt/airflow/dags/pipeline_bets.py                           0           1  3.18s           2026-07-15T00:35:59
/opt/airflow/dags/pipeline_bet.py                            1           0  2.10s           2026-07-15T00:36:01
================================================================================
[2026-07-15T00:36:53.798+0000] {manager.py:878} INFO - 
================================================================================
DAG File Processing Stats

File Path                           PID    Runtime      # DAGs    # Errors  Last Runtime    Last Run
----------------------------------  -----  ---------  --------  ----------  --------------  -------------------
/opt/airflow/dags/pipeline_bets.py                           0           1  3.32s           2026-07-15T00:36:33
/opt/airflow/dags/pipeline_bet.py                            1           0  3.27s           2026-07-15T00:36:34
================================================================================
[2026-07-15T00:37:24.274+0000] {manager.py:878} INFO - 
================================================================================
DAG File Processing Stats

File Path                           PID    Runtime      # DAGs    # Errors  Last Runtime    Last Run
----------------------------------  -----  ---------  --------  ----------  --------------  -------------------
/opt/airflow/dags/pipeline_bets.py                           0           1  10.07s          2026-07-15T00:37:14
/opt/airflow/dags/pipeline_bet.py                            1           0  7.23s           2026-07-15T00:37:15
================================================================================
[2026-07-15T00:37:54.483+0000] {manager.py:878} INFO - 
================================================================================
DAG File Processing Stats

File Path                           PID    Runtime      # DAGs    # Errors  Last Runtime    Last Run
----------------------------------  -----  ---------  --------  ----------  --------------  -------------------
/opt/airflow/dags/pipeline_bets.py                           0           1  6.40s           2026-07-15T00:37:52
/opt/airflow/dags/pipeline_bet.py                            1           0  3.87s           2026-07-15T00:37:53
================================================================================
[2026-07-15T00:38:25.214+0000] {manager.py:878} INFO - 
================================================================================
DAG File Processing Stats

File Path                             PID  Runtime      # DAGs    # Errors  Last Runtime    Last Run
----------------------------------  -----  ---------  --------  ----------  --------------  -------------------
/opt/airflow/dags/pipeline_bets.py    307  2.57s             0           1  6.40s           2026-07-15T00:37:52
/opt/airflow/dags/pipeline_bet.py     310  0.74s             1           0  3.87s           2026-07-15T00:37:53
================================================================================
[2026-07-15T00:38:57.346+0000] {manager.py:878} INFO - 
================================================================================
DAG File Processing Stats

File Path                             PID  Runtime      # DAGs    # Errors  Last Runtime    Last Run
----------------------------------  -----  ---------  --------  ----------  --------------  -------------------
/opt/airflow/dags/pipeline_bet.py                            1           0  3.75s           2026-07-15T00:38:28
/opt/airflow/dags/pipeline_bets.py    317  0.47s             0           1  2.88s           2026-07-15T00:38:25
================================================================================
[2026-07-15T00:39:27.728+0000] {manager.py:878} INFO - 
================================================================================
DAG File Processing Stats

File Path                           PID    Runtime      # DAGs    # Errors  Last Runtime    Last Run
----------------------------------  -----  ---------  --------  ----------  --------------  -------------------
/opt/airflow/dags/pipeline_bets.py                           0           1  5.72s           2026-07-15T00:39:02
/opt/airflow/dags/pipeline_bet.py                            1           0  5.20s           2026-07-15T00:39:03
================================================================================
[2026-07-15T00:39:58.319+0000] {manager.py:878} INFO - 
================================================================================
DAG File Processing Stats

File Path                           PID    Runtime      # DAGs    # Errors  Last Runtime    Last Run
----------------------------------  -----  ---------  --------  ----------  --------------  -------------------
/opt/airflow/dags/pipeline_bets.py                           0           1  1.46s           2026-07-15T00:39:34
/opt/airflow/dags/pipeline_bet.py                            1           0  1.00s           2026-07-15T00:39:35
================================================================================
[2026-07-15T00:40:12.986+0000] {manager.py:737} INFO - Searching for files in /opt/airflow/dags
[2026-07-15T00:40:12.996+0000] {manager.py:740} INFO - There are 2 files in /opt/airflow/dags
[2026-07-15T00:40:29.142+0000] {manager.py:878} INFO - 
================================================================================
DAG File Processing Stats

File Path                           PID    Runtime      # DAGs    # Errors  Last Runtime    Last Run
----------------------------------  -----  ---------  --------  ----------  --------------  -------------------
/opt/airflow/dags/pipeline_bet.py                            1           0  0.56s           2026-07-15T00:40:06
/opt/airflow/dags/pipeline_bets.py                           0           1  0.53s           2026-07-15T00:40:04
================================================================================
[2026-07-15T00:40:59.659+0000] {manager.py:878} INFO - 
================================================================================
DAG File Processing Stats

File Path                           PID    Runtime      # DAGs    # Errors  Last Runtime    Last Run
----------------------------------  -----  ---------  --------  ----------  --------------  -------------------
/opt/airflow/dags/pipeline_bet.py                            1           0  2.82s           2026-07-15T00:40:39
/opt/airflow/dags/pipeline_bets.py                           0           1  2.09s           2026-07-15T00:40:37
================================================================================
[2026-07-15T00:41:30.853+0000] {manager.py:878} INFO - 
================================================================================
DAG File Processing Stats

File Path                           PID    Runtime      # DAGs    # Errors  Last Runtime    Last Run
----------------------------------  -----  ---------  --------  ----------  --------------  -------------------
/opt/airflow/dags/pipeline_bets.py                           0           1  4.92s           2026-07-15T00:41:12
/opt/airflow/dags/pipeline_bet.py                            1           0  3.73s           2026-07-15T00:41:13
================================================================================
[2026-07-15T00:42:01.706+0000] {manager.py:878} INFO - 
================================================================================
DAG File Processing Stats

File Path                           PID    Runtime      # DAGs    # Errors  Last Runtime    Last Run
----------------------------------  -----  ---------  --------  ----------  --------------  -------------------
/opt/airflow/dags/pipeline_bet.py                            1           0  10.29s          2026-07-15T00:41:54
/opt/airflow/dags/pipeline_bets.py                           0           1  9.34s           2026-07-15T00:41:52
================================================================================
[2026-07-15T00:42:32.549+0000] {manager.py:878} INFO - 
================================================================================
DAG File Processing Stats

File Path                           PID    Runtime      # DAGs    # Errors  Last Runtime    Last Run
----------------------------------  -----  ---------  --------  ----------  --------------  -------------------
/opt/airflow/dags/pipeline_bet.py                            1           0  2.07s           2026-07-15T00:42:26
/opt/airflow/dags/pipeline_bets.py                           0           1  1.46s           2026-07-15T00:42:25
================================================================================
[2026-07-15T00:43:03.216+0000] {manager.py:878} INFO - 
================================================================================
DAG File Processing Stats

File Path                           PID    Runtime      # DAGs    # Errors  Last Runtime    Last Run
----------------------------------  -----  ---------  --------  ----------  --------------  -------------------
/opt/airflow/dags/pipeline_bet.py                            1           0  3.95s           2026-07-15T00:43:01
/opt/airflow/dags/pipeline_bets.py                           0           1  3.82s           2026-07-15T00:43:00
================================================================================
[2026-07-15T00:43:35.460+0000] {manager.py:878} INFO - 
================================================================================
DAG File Processing Stats

File Path                             PID  Runtime      # DAGs    # Errors  Last Runtime    Last Run
----------------------------------  -----  ---------  --------  ----------  --------------  -------------------
/opt/airflow/dags/pipeline_bet.py     401  1.00s             1           0  3.95s           2026-07-15T00:43:01
/opt/airflow/dags/pipeline_bets.py    400  2.68s             0           1  3.82s           2026-07-15T00:43:00
================================================================================
[2026-07-15T00:44:07.704+0000] {manager.py:878} INFO - 
================================================================================
DAG File Processing Stats

File Path                           PID    Runtime      # DAGs    # Errors  Last Runtime    Last Run
----------------------------------  -----  ---------  --------  ----------  --------------  -------------------
/opt/airflow/dags/pipeline_bet.py                            1           0  24.05s          2026-07-15T00:43:57
/opt/airflow/dags/pipeline_bets.py                           0           1  18.03s          2026-07-15T00:43:49
================================================================================
[2026-07-15T00:44:24.646+0000] {manager.py:1128} WARNING - Skipping processing of missing file: /opt/airflow/dags/pipeline_bets.py
[2026-07-15T00:44:25.479+0000] {manager.py:990} WARNING - Stopping processor for /opt/airflow/dags/pipeline_bets.py
[2026-07-15T00:44:25.819+0000] {manager.py:452} INFO - Exiting gracefully upon receiving signal 15
[2026-07-15T00:45:20.021+0000] {manager.py:452} INFO - Exiting gracefully upon receiving signal 15
[2026-07-15T00:45:20.024+0000] {manager.py:452} INFO - Exiting gracefully upon receiving signal 15
[2026-07-15T00:45:49.417+0000] {manager.py:470} INFO - Processing files using up to 2 processes at a time 
[2026-07-15T00:45:49.430+0000] {manager.py:471} INFO - Process each file at most once every 30 seconds
[2026-07-15T00:45:49.431+0000] {manager.py:472} INFO - Checking for new files in /opt/airflow/dags every 300 seconds
[2026-07-15T00:45:49.433+0000] {manager.py:737} INFO - Searching for files in /opt/airflow/dags
[2026-07-15T00:45:49.586+0000] {manager.py:740} INFO - There are 2 files in /opt/airflow/dags
[2026-07-15T00:45:55.674+0000] {manager.py:878} INFO - 
================================================================================
DAG File Processing Stats

File Path                             PID  Runtime      # DAGs    # Errors  Last Runtime    Last Run
----------------------------------  -----  ---------  --------  ----------  --------------  ----------
/opt/airflow/dags/pipeline_bet.py     423  2.77s             0           0
/opt/airflow/dags/pipeline_bets.py    422  3.24s             0           0
================================================================================
[2026-07-15T00:46:02.353+0000] {manager.py:1128} WARNING - Skipping processing of missing file: /opt/airflow/dags/pipeline_bet.py
[2026-07-15T00:46:02.867+0000] {manager.py:990} WARNING - Stopping processor for /opt/airflow/dags/pipeline_bet.py
[2026-07-15T00:46:03.168+0000] {manager.py:452} INFO - Exiting gracefully upon receiving signal 15
[2026-07-15T00:47:04.546+0000] {manager.py:452} INFO - Exiting gracefully upon receiving signal 15
[2026-07-15T00:47:07.934+0000] {manager.py:452} INFO - Exiting gracefully upon receiving signal 15
[2026-07-15T00:53:56.651+0000] {manager.py:470} INFO - Processing files using up to 2 processes at a time 
[2026-07-15T00:53:56.657+0000] {manager.py:471} INFO - Process each file at most once every 30 seconds
[2026-07-15T00:53:56.657+0000] {manager.py:472} INFO - Checking for new files in /opt/airflow/dags every 300 seconds
[2026-07-15T00:53:56.662+0000] {manager.py:737} INFO - Searching for files in /opt/airflow/dags
[2026-07-15T00:53:56.694+0000] {manager.py:740} INFO - There are 1 files in /opt/airflow/dags
[2026-07-15T00:54:01.815+0000] {manager.py:878} INFO - 
================================================================================
DAG File Processing Stats

File Path                             PID  Runtime      # DAGs    # Errors  Last Runtime    Last Run
----------------------------------  -----  ---------  --------  ----------  --------------  ----------
/opt/airflow/dags/pipeline_bets.py    435  1.23s             0           0
================================================================================
[2026-07-15T00:54:32.344+0000] {manager.py:878} INFO - 
================================================================================
DAG File Processing Stats

File Path                           PID    Runtime      # DAGs    # Errors  Last Runtime    Last Run
----------------------------------  -----  ---------  --------  ----------  --------------  -------------------
/opt/airflow/dags/pipeline_bets.py                           1           0  7.76s           2026-07-15T00:54:07
================================================================================
[2026-07-15T00:55:03.905+0000] {manager.py:878} INFO - 
================================================================================
DAG File Processing Stats

File Path                           PID    Runtime      # DAGs    # Errors  Last Runtime    Last Run
----------------------------------  -----  ---------  --------  ----------  --------------  -------------------
/opt/airflow/dags/pipeline_bets.py                           1           0  8.69s           2026-07-15T00:54:47
================================================================================
[2026-07-15T00:56:29.459+0000] {manager.py:878} INFO - 
================================================================================
DAG File Processing Stats

File Path                             PID  Runtime      # DAGs    # Errors  Last Runtime    Last Run
----------------------------------  -----  ---------  --------  ----------  --------------  -------------------
/opt/airflow/dags/pipeline_bets.py    445  25.58s            1           0  8.69s           2026-07-15T00:54:47
================================================================================
[2026-07-15T00:58:07.586+0000] {manager.py:1203} ERROR - Processor for /opt/airflow/dags/pipeline_bets.py with PID 445 started at 2026-07-15T00:55:43.824898+00:00 has timed out, killing it.
[2026-07-15T00:58:08.112+0000] {manager.py:878} INFO - 
================================================================================
DAG File Processing Stats

File Path                           PID    Runtime      # DAGs    # Errors  Last Runtime    Last Run
----------------------------------  -----  ---------  --------  ----------  --------------  -------------------
/opt/airflow/dags/pipeline_bets.py                           0           1  143.72s         2026-07-15T00:58:07
================================================================================
[2026-07-15T01:02:58.711+0000] {manager.py:878} INFO - 
================================================================================
DAG File Processing Stats

File Path                             PID  Runtime      # DAGs    # Errors  Last Runtime    Last Run
----------------------------------  -----  ---------  --------  ----------  --------------  -------------------
/opt/airflow/dags/pipeline_bets.py    448  40.02s            0           1  143.72s         2026-07-15T00:58:07
================================================================================
[2026-07-15T01:03:02.919+0000] {manager.py:737} INFO - Searching for files in /opt/airflow/dags
[2026-07-15T01:03:02.955+0000] {manager.py:740} INFO - There are 1 files in /opt/airflow/dags
[2026-07-15T01:03:03.361+0000] {manager.py:1203} ERROR - Processor for /opt/airflow/dags/pipeline_bets.py with PID 448 started at 2026-07-15T01:00:12.914497+00:00 has timed out, killing it.
[2026-07-15T01:03:30.714+0000] {manager.py:878} INFO - 
================================================================================
DAG File Processing Stats

File Path                           PID    Runtime      # DAGs    # Errors  Last Runtime    Last Run
----------------------------------  -----  ---------  --------  ----------  --------------  -------------------
/opt/airflow/dags/pipeline_bets.py                           0           1  170.45s         2026-07-15T01:03:03
================================================================================
[2026-07-15T01:04:03.588+0000] {manager.py:878} INFO - 
================================================================================
DAG File Processing Stats

File Path                             PID  Runtime      # DAGs    # Errors  Last Runtime    Last Run
----------------------------------  -----  ---------  --------  ----------  --------------  -------------------
/opt/airflow/dags/pipeline_bets.py    451  26.81s            0           1  170.45s         2026-07-15T01:03:03
================================================================================
[2026-07-15T01:04:26.232+0000] {manager.py:1203} ERROR - Processor for /opt/airflow/dags/pipeline_bets.py with PID 451 started at 2026-07-15T01:03:35.198046+00:00 has timed out, killing it.
[2026-07-15T01:04:34.682+0000] {manager.py:878} INFO - 
================================================================================
DAG File Processing Stats

File Path                           PID    Runtime      # DAGs    # Errors  Last Runtime    Last Run
----------------------------------  -----  ---------  --------  ----------  --------------  -------------------
/opt/airflow/dags/pipeline_bets.py                           0           1  50.89s          2026-07-15T01:04:26
================================================================================
[2026-07-15T01:05:05.323+0000] {manager.py:878} INFO - 
================================================================================
DAG File Processing Stats

File Path                             PID  Runtime      # DAGs    # Errors  Last Runtime    Last Run
----------------------------------  -----  ---------  --------  ----------  --------------  -------------------
/opt/airflow/dags/pipeline_bets.py    454  7.28s             0           1  50.89s          2026-07-15T01:04:26
================================================================================
[2026-07-15T01:05:35.808+0000] {manager.py:878} INFO - 
================================================================================
DAG File Processing Stats

File Path                           PID    Runtime      # DAGs    # Errors  Last Runtime    Last Run
----------------------------------  -----  ---------  --------  ----------  --------------  -------------------
/opt/airflow/dags/pipeline_bets.py                           1           0  21.51s          2026-07-15T01:05:19
================================================================================
[2026-07-15T01:06:10.598+0000] {manager.py:878} INFO - 
================================================================================
DAG File Processing Stats

File Path                             PID  Runtime      # DAGs    # Errors  Last Runtime    Last Run
----------------------------------  -----  ---------  --------  ----------  --------------  -------------------
/opt/airflow/dags/pipeline_bets.py    462  18.68s            1           0  21.51s          2026-07-15T01:05:19
================================================================================
[2026-07-15T01:06:43.681+0000] {manager.py:878} INFO - 
================================================================================
DAG File Processing Stats

File Path                             PID  Runtime      # DAGs    # Errors  Last Runtime    Last Run
----------------------------------  -----  ---------  --------  ----------  --------------  -------------------
/opt/airflow/dags/pipeline_bets.py    462  49.78s            1           0  21.51s          2026-07-15T01:05:19
================================================================================
[2026-07-15T01:06:44.433+0000] {manager.py:1203} ERROR - Processor for /opt/airflow/dags/pipeline_bets.py with PID 462 started at 2026-07-15T01:05:51.195431+00:00 has timed out, killing it.
[2026-07-15T01:06:45.939+0000] {manager.py:452} INFO - Exiting gracefully upon receiving signal 15
[2026-07-15T01:16:16.603+0000] {manager.py:470} INFO - Processing files using up to 2 processes at a time 
[2026-07-15T01:16:17.874+0000] {manager.py:471} INFO - Process each file at most once every 30 seconds
[2026-07-15T01:16:18.000+0000] {manager.py:472} INFO - Checking for new files in /opt/airflow/dags every 300 seconds
[2026-07-15T01:16:18.118+0000] {manager.py:737} INFO - Searching for files in /opt/airflow/dags
[2026-07-15T01:16:20.537+0000] {manager.py:740} INFO - There are 1 files in /opt/airflow/dags
[2026-07-15T01:16:46.426+0000] {manager.py:452} INFO - Exiting gracefully upon receiving signal 15
[2026-07-15T01:16:46.760+0000] {manager.py:452} INFO - Exiting gracefully upon receiving signal 15
[2026-07-15T01:16:55.787+0000] {manager.py:470} INFO - Processing files using up to 2 processes at a time 
[2026-07-15T01:16:55.803+0000] {manager.py:471} INFO - Process each file at most once every 30 seconds
[2026-07-15T01:16:55.804+0000] {manager.py:472} INFO - Checking for new files in /opt/airflow/dags every 300 seconds
[2026-07-15T01:16:55.809+0000] {manager.py:737} INFO - Searching for files in /opt/airflow/dags
[2026-07-15T01:16:55.818+0000] {manager.py:740} INFO - There are 1 files in /opt/airflow/dags
[2026-07-15T01:16:57.064+0000] {manager.py:878} INFO - 
================================================================================
DAG File Processing Stats

File Path                             PID  Runtime      # DAGs    # Errors  Last Runtime    Last Run
----------------------------------  -----  ---------  --------  ----------  --------------  ----------
/opt/airflow/dags/pipeline_bets.py    170  0.62s             0           0
================================================================================
[2026-07-15T23:09:05.659+0000] {manager.py:470} INFO - Processing files using up to 2 processes at a time 
[2026-07-15T23:09:05.661+0000] {manager.py:471} INFO - Process each file at most once every 30 seconds
[2026-07-15T23:09:05.661+0000] {manager.py:472} INFO - Checking for new files in /opt/airflow/dags every 300 seconds
[2026-07-15T23:09:05.661+0000] {manager.py:737} INFO - Searching for files in /opt/airflow/dags
[2026-07-15T23:09:05.663+0000] {manager.py:740} INFO - There are 1 files in /opt/airflow/dags
[2026-07-15T23:09:06.391+0000] {manager.py:878} INFO - 
================================================================================
DAG File Processing Stats

File Path                             PID  Runtime      # DAGs    # Errors  Last Runtime    Last Run
----------------------------------  -----  ---------  --------  ----------  --------------  ----------
/opt/airflow/dags/pipeline_bets.py    159  0.48s             0           0
================================================================================
[2026-07-15T23:09:37.069+0000] {manager.py:878} INFO - 
================================================================================
DAG File Processing Stats

File Path                             PID  Runtime      # DAGs    # Errors  Last Runtime    Last Run
----------------------------------  -----  ---------  --------  ----------  --------------  -------------------
/opt/airflow/dags/pipeline_bets.py    165  0.07s             1           0  0.78s           2026-07-15T23:09:06
================================================================================
[2026-07-15T23:10:08.489+0000] {manager.py:878} INFO - 
================================================================================
DAG File Processing Stats

File Path                           PID    Runtime      # DAGs    # Errors  Last Runtime    Last Run
----------------------------------  -----  ---------  --------  ----------  --------------  -------------------
/opt/airflow/dags/pipeline_bets.py                           1           0  3.75s           2026-07-15T23:09:40
================================================================================
[2026-07-15T23:10:38.669+0000] {manager.py:878} INFO - 
================================================================================
DAG File Processing Stats

File Path                           PID    Runtime      # DAGs    # Errors  Last Runtime    Last Run
----------------------------------  -----  ---------  --------  ----------  --------------  -------------------
/opt/airflow/dags/pipeline_bets.py                           1           0  2.61s           2026-07-15T23:10:14
================================================================================
[2026-07-15T23:11:11.376+0000] {manager.py:878} INFO - 
================================================================================
DAG File Processing Stats

File Path                           PID    Runtime      # DAGs    # Errors  Last Runtime    Last Run
----------------------------------  -----  ---------  --------  ----------  --------------  -------------------
/opt/airflow/dags/pipeline_bets.py                           1           0  3.36s           2026-07-15T23:10:47
================================================================================
[2026-07-15T23:11:41.934+0000] {manager.py:878} INFO - 
================================================================================
DAG File Processing Stats

File Path                           PID    Runtime      # DAGs    # Errors  Last Runtime    Last Run
----------------------------------  -----  ---------  --------  ----------  --------------  -------------------
/opt/airflow/dags/pipeline_bets.py                           1           0  3.57s           2026-07-15T23:11:23
================================================================================
[2026-07-15T23:12:12.565+0000] {manager.py:878} INFO - 
================================================================================
DAG File Processing Stats

File Path                           PID    Runtime      # DAGs    # Errors  Last Runtime    Last Run
----------------------------------  -----  ---------  --------  ----------  --------------  -------------------
/opt/airflow/dags/pipeline_bets.py                           1           0  10.67s          2026-07-15T23:12:04
================================================================================
[2026-07-15T23:12:43.214+0000] {manager.py:878} INFO - 
================================================================================
DAG File Processing Stats

File Path                           PID    Runtime      # DAGs    # Errors  Last Runtime    Last Run
----------------------------------  -----  ---------  --------  ----------  --------------  -------------------
/opt/airflow/dags/pipeline_bets.py                           1           0  5.09s           2026-07-15T23:12:40
================================================================================
[2026-07-15T23:13:14.030+0000] {manager.py:878} INFO - 
================================================================================
DAG File Processing Stats

File Path                             PID  Runtime      # DAGs    # Errors  Last Runtime    Last Run
----------------------------------  -----  ---------  --------  ----------  --------------  -------------------
/opt/airflow/dags/pipeline_bets.py    195  3.17s             1           0  5.09s           2026-07-15T23:12:40
================================================================================
[2026-07-15T23:13:44.345+0000] {manager.py:878} INFO - 
================================================================================
DAG File Processing Stats

File Path                             PID  Runtime      # DAGs    # Errors  Last Runtime    Last Run
----------------------------------  -----  ---------  --------  ----------  --------------  -------------------
/opt/airflow/dags/pipeline_bets.py    200  0.06s             1           0  3.29s           2026-07-15T23:13:14
================================================================================
[2026-07-15T23:14:06.035+0000] {manager.py:737} INFO - Searching for files in /opt/airflow/dags
[2026-07-15T23:14:06.047+0000] {manager.py:740} INFO - There are 1 files in /opt/airflow/dags
[2026-07-15T23:14:14.647+0000] {manager.py:878} INFO - 
================================================================================
DAG File Processing Stats

File Path                           PID    Runtime      # DAGs    # Errors  Last Runtime    Last Run
----------------------------------  -----  ---------  --------  ----------  --------------  -------------------
/opt/airflow/dags/pipeline_bets.py                           1           0  1.69s           2026-07-15T23:13:45
================================================================================
[2026-07-15T23:14:45.797+0000] {manager.py:878} INFO - 
================================================================================
DAG File Processing Stats

File Path                           PID    Runtime      # DAGs    # Errors  Last Runtime    Last Run
----------------------------------  -----  ---------  --------  ----------  --------------  -------------------
/opt/airflow/dags/pipeline_bets.py                           1           0  3.55s           2026-07-15T23:14:19
================================================================================
[2026-07-15T23:15:16.230+0000] {manager.py:878} INFO - 
================================================================================
DAG File Processing Stats

File Path                           PID    Runtime      # DAGs    # Errors  Last Runtime    Last Run
----------------------------------  -----  ---------  --------  ----------  --------------  -------------------
/opt/airflow/dags/pipeline_bets.py                           1           0  0.71s           2026-07-15T23:14:50
================================================================================
[2026-07-15T23:15:46.532+0000] {manager.py:878} INFO - 
================================================================================
DAG File Processing Stats

File Path                           PID    Runtime      # DAGs    # Errors  Last Runtime    Last Run
----------------------------------  -----  ---------  --------  ----------  --------------  -------------------
/opt/airflow/dags/pipeline_bets.py                           1           0  1.03s           2026-07-15T23:15:21
================================================================================
[2026-07-15T23:16:16.649+0000] {manager.py:878} INFO - 
================================================================================
DAG File Processing Stats

File Path                           PID    Runtime      # DAGs    # Errors  Last Runtime    Last Run
----------------------------------  -----  ---------  --------  ----------  --------------  -------------------
/opt/airflow/dags/pipeline_bets.py                           1           0  2.38s           2026-07-15T23:15:54
================================================================================
[2026-07-15T23:16:46.993+0000] {manager.py:878} INFO - 
================================================================================
DAG File Processing Stats

File Path                           PID    Runtime      # DAGs    # Errors  Last Runtime    Last Run
----------------------------------  -----  ---------  --------  ----------  --------------  -------------------
/opt/airflow/dags/pipeline_bets.py                           1           0  0.65s           2026-07-15T23:16:25
================================================================================
[2026-07-15T23:17:17.080+0000] {manager.py:878} INFO - 
================================================================================
DAG File Processing Stats

File Path                           PID    Runtime      # DAGs    # Errors  Last Runtime    Last Run
----------------------------------  -----  ---------  --------  ----------  --------------  -------------------
/opt/airflow/dags/pipeline_bets.py                           1           0  1.36s           2026-07-15T23:16:56
================================================================================
[2026-07-15T23:17:47.275+0000] {manager.py:878} INFO - 
================================================================================
DAG File Processing Stats

File Path                           PID    Runtime      # DAGs    # Errors  Last Runtime    Last Run
----------------------------------  -----  ---------  --------  ----------  --------------  -------------------
/opt/airflow/dags/pipeline_bets.py                           1           0  0.43s           2026-07-15T23:17:27
================================================================================
[2026-07-15T23:18:17.966+0000] {manager.py:878} INFO - 
================================================================================
DAG File Processing Stats

File Path                           PID    Runtime      # DAGs    # Errors  Last Runtime    Last Run
----------------------------------  -----  ---------  --------  ----------  --------------  -------------------
/opt/airflow/dags/pipeline_bets.py                           1           0  3.53s           2026-07-15T23:18:01
================================================================================
[2026-07-15T23:18:48.172+0000] {manager.py:878} INFO - 
================================================================================
DAG File Processing Stats

File Path                           PID    Runtime      # DAGs    # Errors  Last Runtime    Last Run
----------------------------------  -----  ---------  --------  ----------  --------------  -------------------
/opt/airflow/dags/pipeline_bets.py                           1           0  0.30s           2026-07-15T23:18:32
================================================================================
[2026-07-15T23:19:06.515+0000] {manager.py:737} INFO - Searching for files in /opt/airflow/dags
[2026-07-15T23:19:06.519+0000] {manager.py:740} INFO - There are 1 files in /opt/airflow/dags
[2026-07-15T23:19:18.624+0000] {manager.py:878} INFO - 
================================================================================
DAG File Processing Stats

File Path                           PID    Runtime      # DAGs    # Errors  Last Runtime    Last Run
----------------------------------  -----  ---------  --------  ----------  --------------  -------------------
/opt/airflow/dags/pipeline_bets.py                           1           0  0.28s           2026-07-15T23:19:02
================================================================================
[2026-07-15T23:19:48.895+0000] {manager.py:878} INFO - 
================================================================================
DAG File Processing Stats

File Path                           PID    Runtime      # DAGs    # Errors  Last Runtime    Last Run
----------------------------------  -----  ---------  --------  ----------  --------------  -------------------
/opt/airflow/dags/pipeline_bets.py                           1           0  0.80s           2026-07-15T23:19:33
================================================================================
[2026-07-15T23:20:19.338+0000] {manager.py:878} INFO - 
================================================================================
DAG File Processing Stats

File Path                           PID    Runtime      # DAGs    # Errors  Last Runtime    Last Run
----------------------------------  -----  ---------  --------  ----------  --------------  -------------------
/opt/airflow/dags/pipeline_bets.py                           1           0  0.30s           2026-07-15T23:20:04
================================================================================
[2026-07-15T23:20:49.723+0000] {manager.py:878} INFO - 
================================================================================
DAG File Processing Stats

File Path                           PID    Runtime      # DAGs    # Errors  Last Runtime    Last Run
----------------------------------  -----  ---------  --------  ----------  --------------  -------------------
/opt/airflow/dags/pipeline_bets.py                           1           0  2.82s           2026-07-15T23:20:37
================================================================================
[2026-07-15T23:21:20.117+0000] {manager.py:878} INFO - 
================================================================================
DAG File Processing Stats

File Path                           PID    Runtime      # DAGs    # Errors  Last Runtime    Last Run
----------------------------------  -----  ---------  --------  ----------  --------------  -------------------
/opt/airflow/dags/pipeline_bets.py                           1           0  2.31s           2026-07-15T23:21:10
================================================================================
[2026-07-15T23:21:50.434+0000] {manager.py:878} INFO - 
================================================================================
DAG File Processing Stats

File Path                           PID    Runtime      # DAGs    # Errors  Last Runtime    Last Run
----------------------------------  -----  ---------  --------  ----------  --------------  -------------------
/opt/airflow/dags/pipeline_bets.py                           1           0  1.11s           2026-07-15T23:21:41
================================================================================
[2026-07-15T23:22:20.780+0000] {manager.py:878} INFO - 
================================================================================
DAG File Processing Stats

File Path                           PID    Runtime      # DAGs    # Errors  Last Runtime    Last Run
----------------------------------  -----  ---------  --------  ----------  --------------  -------------------
/opt/airflow/dags/pipeline_bets.py                           1           0  1.30s           2026-07-15T23:22:12
================================================================================
[2026-07-15T23:22:51.197+0000] {manager.py:878} INFO - 
================================================================================
DAG File Processing Stats

File Path                           PID    Runtime      # DAGs    # Errors  Last Runtime    Last Run
----------------------------------  -----  ---------  --------  ----------  --------------  -------------------
/opt/airflow/dags/pipeline_bets.py                           1           0  1.27s           2026-07-15T23:22:44
================================================================================
[2026-07-15T23:23:21.384+0000] {manager.py:878} INFO - 
================================================================================
DAG File Processing Stats

File Path                           PID    Runtime      # DAGs    # Errors  Last Runtime    Last Run
----------------------------------  -----  ---------  --------  ----------  --------------  -------------------
/opt/airflow/dags/pipeline_bets.py                           1           0  0.96s           2026-07-15T23:23:15
================================================================================
[2026-07-15T23:23:51.745+0000] {manager.py:878} INFO - 
================================================================================
DAG File Processing Stats

File Path                           PID    Runtime      # DAGs    # Errors  Last Runtime    Last Run
----------------------------------  -----  ---------  --------  ----------  --------------  -------------------
/opt/airflow/dags/pipeline_bets.py                           1           0  1.55s           2026-07-15T23:23:47
================================================================================
[2026-07-15T23:24:06.819+0000] {manager.py:737} INFO - Searching for files in /opt/airflow/dags
[2026-07-15T23:24:06.830+0000] {manager.py:740} INFO - There are 1 files in /opt/airflow/dags
[2026-07-15T23:24:22.314+0000] {manager.py:878} INFO - 
================================================================================
DAG File Processing Stats

File Path                           PID    Runtime      # DAGs    # Errors  Last Runtime    Last Run
----------------------------------  -----  ---------  --------  ----------  --------------  -------------------
/opt/airflow/dags/pipeline_bets.py                           1           0  0.39s           2026-07-15T23:24:17
================================================================================
[2026-07-15T23:24:52.827+0000] {manager.py:878} INFO - 
================================================================================
DAG File Processing Stats

File Path                           PID    Runtime      # DAGs    # Errors  Last Runtime    Last Run
----------------------------------  -----  ---------  --------  ----------  --------------  -------------------
/opt/airflow/dags/pipeline_bets.py                           1           0  0.20s           2026-07-15T23:24:47
================================================================================
[2026-07-15T23:25:23.184+0000] {manager.py:878} INFO - 
================================================================================
DAG File Processing Stats

File Path                           PID    Runtime      # DAGs    # Errors  Last Runtime    Last Run
----------------------------------  -----  ---------  --------  ----------  --------------  -------------------
/opt/airflow/dags/pipeline_bets.py                           1           0  0.25s           2026-07-15T23:25:18
================================================================================
[2026-07-15T23:25:53.468+0000] {manager.py:878} INFO - 
================================================================================
DAG File Processing Stats

File Path                           PID    Runtime      # DAGs    # Errors  Last Runtime    Last Run
----------------------------------  -----  ---------  --------  ----------  --------------  -------------------
/opt/airflow/dags/pipeline_bets.py                           1           0  0.47s           2026-07-15T23:25:48
================================================================================
[2026-07-15T23:26:23.959+0000] {manager.py:878} INFO - 
================================================================================
DAG File Processing Stats

File Path                           PID    Runtime      # DAGs    # Errors  Last Runtime    Last Run
----------------------------------  -----  ---------  --------  ----------  --------------  -------------------
/opt/airflow/dags/pipeline_bets.py                           1           0  0.14s           2026-07-15T23:26:19
================================================================================
[2026-07-15T23:26:54.241+0000] {manager.py:878} INFO - 
================================================================================
DAG File Processing Stats

File Path                           PID    Runtime      # DAGs    # Errors  Last Runtime    Last Run
----------------------------------  -----  ---------  --------  ----------  --------------  -------------------
/opt/airflow/dags/pipeline_bets.py                           1           0  0.16s           2026-07-15T23:26:49
================================================================================
[2026-07-15T23:27:24.643+0000] {manager.py:878} INFO - 
================================================================================
DAG File Processing Stats

File Path                           PID    Runtime      # DAGs    # Errors  Last Runtime    Last Run
----------------------------------  -----  ---------  --------  ----------  --------------  -------------------
/opt/airflow/dags/pipeline_bets.py                           1           0  1.17s           2026-07-15T23:27:20
================================================================================
[2026-07-15T23:27:54.860+0000] {manager.py:878} INFO - 
================================================================================
DAG File Processing Stats

File Path                           PID    Runtime      # DAGs    # Errors  Last Runtime    Last Run
----------------------------------  -----  ---------  --------  ----------  --------------  -------------------
/opt/airflow/dags/pipeline_bets.py                           1           0  0.15s           2026-07-15T23:27:50
================================================================================
[2026-07-15T23:28:25.121+0000] {manager.py:878} INFO - 
================================================================================
DAG File Processing Stats

File Path                           PID    Runtime      # DAGs    # Errors  Last Runtime    Last Run
----------------------------------  -----  ---------  --------  ----------  --------------  -------------------
/opt/airflow/dags/pipeline_bets.py                           1           0  0.78s           2026-07-15T23:28:21
================================================================================
[2026-07-15T23:28:55.540+0000] {manager.py:878} INFO - 
================================================================================
DAG File Processing Stats

File Path                           PID    Runtime      # DAGs    # Errors  Last Runtime    Last Run
----------------------------------  -----  ---------  --------  ----------  --------------  -------------------
/opt/airflow/dags/pipeline_bets.py                           1           0  1.69s           2026-07-15T23:28:53
================================================================================
[2026-07-15T23:29:06.954+0000] {manager.py:737} INFO - Searching for files in /opt/airflow/dags
[2026-07-15T23:29:07.014+0000] {manager.py:740} INFO - There are 1 files in /opt/airflow/dags
[2026-07-15T23:29:25.725+0000] {manager.py:878} INFO - 
================================================================================
DAG File Processing Stats

File Path                             PID  Runtime      # DAGs    # Errors  Last Runtime    Last Run
----------------------------------  -----  ---------  --------  ----------  --------------  -------------------
/opt/airflow/dags/pipeline_bets.py    362  0.30s             1           0  1.69s           2026-07-15T23:28:53
================================================================================
[2026-07-15T23:30:04.429+0000] {manager.py:878} INFO - 
================================================================================
DAG File Processing Stats

File Path                             PID  Runtime      # DAGs    # Errors  Last Runtime    Last Run
----------------------------------  -----  ---------  --------  ----------  --------------  -------------------
/opt/airflow/dags/pipeline_bets.py    362  35.60s            1           0  1.69s           2026-07-15T23:28:53
================================================================================
[2026-07-15T23:30:37.856+0000] {manager.py:1203} ERROR - Processor for /opt/airflow/dags/pipeline_bets.py with PID 362 started at 2026-07-15T23:29:25.359187+00:00 has timed out, killing it.
[2026-07-15T23:31:15.287+0000] {manager.py:878} INFO - 
================================================================================
DAG File Processing Stats

File Path                             PID  Runtime      # DAGs    # Errors  Last Runtime    Last Run
----------------------------------  -----  ---------  --------  ----------  --------------  -------------------
/opt/airflow/dags/pipeline_bets.py    365  0.93s             0           1  68.61s          2026-07-15T23:30:33
================================================================================
[2026-07-15T23:32:15.927+0000] {manager.py:1203} ERROR - Processor for /opt/airflow/dags/pipeline_bets.py with PID 365 started at 2026-07-15T23:31:11.206711+00:00 has timed out, killing it.
[2026-07-15T23:32:16.731+0000] {manager.py:878} INFO - 
================================================================================
DAG File Processing Stats

File Path                           PID    Runtime      # DAGs    # Errors  Last Runtime    Last Run
----------------------------------  -----  ---------  --------  ----------  --------------  -------------------
/opt/airflow/dags/pipeline_bets.py                           0           1  64.71s          2026-07-15T23:32:15
================================================================================
[2026-07-15T23:32:52.236+0000] {manager.py:878} INFO - 
================================================================================
DAG File Processing Stats

File Path                             PID  Runtime      # DAGs    # Errors  Last Runtime    Last Run
----------------------------------  -----  ---------  --------  ----------  --------------  -------------------
/opt/airflow/dags/pipeline_bets.py    368  1.68s             0           1  64.71s          2026-07-15T23:32:15
================================================================================
[2026-07-15T23:33:43.778+0000] {manager.py:878} INFO - 
================================================================================
DAG File Processing Stats

File Path                             PID  Runtime      # DAGs    # Errors  Last Runtime    Last Run
----------------------------------  -----  ---------  --------  ----------  --------------  -------------------
/opt/airflow/dags/pipeline_bets.py    368  48.27s            0           1  64.71s          2026-07-15T23:32:15
================================================================================
[2026-07-15T23:35:04.909+0000] {manager.py:737} INFO - Searching for files in /opt/airflow/dags
[2026-07-15T23:35:24.044+0000] {manager.py:740} INFO - There are 1 files in /opt/airflow/dags
[2026-07-15T23:36:04.402+0000] {manager.py:1203} ERROR - Processor for /opt/airflow/dags/pipeline_bets.py with PID 368 started at 2026-07-15T23:32:49.256337+00:00 has timed out, killing it.
[2026-07-15T23:36:04.467+0000] {manager.py:878} INFO - 
================================================================================
DAG File Processing Stats

File Path                           PID    Runtime      # DAGs    # Errors  Last Runtime    Last Run
----------------------------------  -----  ---------  --------  ----------  --------------  -------------------
/opt/airflow/dags/pipeline_bets.py                           0           1  195.14s         2026-07-15T23:36:04
================================================================================
[2026-07-15T23:36:34.709+0000] {manager.py:878} INFO - 
================================================================================
DAG File Processing Stats

File Path                             PID  Runtime      # DAGs    # Errors  Last Runtime    Last Run
----------------------------------  -----  ---------  --------  ----------  --------------  -------------------
/opt/airflow/dags/pipeline_bets.py    373  0.06s             0           1  195.14s         2026-07-15T23:36:04
================================================================================
[2026-07-15T23:37:04.871+0000] {manager.py:878} INFO - 
================================================================================
DAG File Processing Stats

File Path                           PID    Runtime      # DAGs    # Errors  Last Runtime    Last Run
----------------------------------  -----  ---------  --------  ----------  --------------  -------------------
/opt/airflow/dags/pipeline_bets.py                           1           0  1.63s           2026-07-15T23:36:36
================================================================================
[2026-07-15T23:37:35.230+0000] {manager.py:878} INFO - 
================================================================================
DAG File Processing Stats

File Path                           PID    Runtime      # DAGs    # Errors  Last Runtime    Last Run
----------------------------------  -----  ---------  --------  ----------  --------------  -------------------
/opt/airflow/dags/pipeline_bets.py                           1           0  8.58s           2026-07-15T23:37:14
================================================================================
[2026-07-15T23:38:10.589+0000] {manager.py:878} INFO - 
================================================================================
DAG File Processing Stats

File Path                           PID    Runtime      # DAGs    # Errors  Last Runtime    Last Run
----------------------------------  -----  ---------  --------  ----------  --------------  -------------------
/opt/airflow/dags/pipeline_bets.py                           1           0  1.05s           2026-07-15T23:37:46
================================================================================
[2026-07-15T23:39:01.557+0000] {manager.py:878} INFO - 
================================================================================
DAG File Processing Stats

File Path                             PID  Runtime      # DAGs    # Errors  Last Runtime    Last Run
----------------------------------  -----  ---------  --------  ----------  --------------  -------------------
/opt/airflow/dags/pipeline_bets.py    388  4.42s             1           0  1.05s           2026-07-15T23:37:46
================================================================================
[2026-07-15T23:41:05.463+0000] {manager.py:470} INFO - Processing files using up to 2 processes at a time 
[2026-07-15T23:41:05.466+0000] {manager.py:471} INFO - Process each file at most once every 30 seconds
[2026-07-15T23:41:05.466+0000] {manager.py:472} INFO - Checking for new files in /opt/airflow/dags every 300 seconds
[2026-07-15T23:41:05.468+0000] {manager.py:737} INFO - Searching for files in /opt/airflow/dags
[2026-07-15T23:41:05.481+0000] {manager.py:740} INFO - There are 1 files in /opt/airflow/dags
[2026-07-15T23:41:06.439+0000] {manager.py:878} INFO - 
================================================================================
DAG File Processing Stats

File Path                             PID  Runtime      # DAGs    # Errors  Last Runtime    Last Run
----------------------------------  -----  ---------  --------  ----------  --------------  ----------
/opt/airflow/dags/pipeline_bets.py    398  0.06s             0           0
================================================================================
[2026-07-15T23:41:26.813+0000] {manager.py:452} INFO - Exiting gracefully upon receiving signal 15
[2026-07-16T00:05:42.191+0000] {manager.py:470} INFO - Processing files using up to 2 processes at a time 
[2026-07-16T00:05:42.198+0000] {manager.py:471} INFO - Process each file at most once every 30 seconds
[2026-07-16T00:05:42.201+0000] {manager.py:472} INFO - Checking for new files in /opt/airflow/dags every 300 seconds
[2026-07-16T00:05:42.209+0000] {manager.py:737} INFO - Searching for files in /opt/airflow/dags
[2026-07-16T00:05:42.288+0000] {manager.py:740} INFO - There are 1 files in /opt/airflow/dags
[2026-07-16T00:05:45.312+0000] {manager.py:878} INFO - 
================================================================================
DAG File Processing Stats

File Path                             PID  Runtime      # DAGs    # Errors  Last Runtime    Last Run
----------------------------------  -----  ---------  --------  ----------  --------------  ----------
/opt/airflow/dags/pipeline_bets.py    159  1.19s             0           0
================================================================================
[2026-07-16T00:06:07.897+0000] {manager.py:452} INFO - Exiting gracefully upon receiving signal 15
[2026-07-16T00:10:27.751+0000] {manager.py:470} INFO - Processing files using up to 2 processes at a time 
[2026-07-16T00:10:27.754+0000] {manager.py:471} INFO - Process each file at most once every 30 seconds
[2026-07-16T00:10:27.754+0000] {manager.py:472} INFO - Checking for new files in /opt/airflow/dags every 300 seconds
[2026-07-16T00:10:27.755+0000] {manager.py:737} INFO - Searching for files in /opt/airflow/dags
[2026-07-16T00:10:27.762+0000] {manager.py:740} INFO - There are 1 files in /opt/airflow/dags
[2026-07-16T00:10:28.877+0000] {manager.py:878} INFO - 
================================================================================
DAG File Processing Stats

File Path                             PID  Runtime      # DAGs    # Errors  Last Runtime    Last Run
----------------------------------  -----  ---------  --------  ----------  --------------  ----------
/opt/airflow/dags/pipeline_bets.py    168  0.80s             0           0
================================================================================
[2026-07-16T00:10:59.388+0000] {manager.py:878} INFO - 
================================================================================
DAG File Processing Stats

File Path                           PID    Runtime      # DAGs    # Errors  Last Runtime    Last Run
----------------------------------  -----  ---------  --------  ----------  --------------  -------------------
/opt/airflow/dags/pipeline_bets.py                           1           0  1.44s           2026-07-16T00:10:29
================================================================================
[2026-07-16T00:11:29.717+0000] {manager.py:878} INFO - 
================================================================================
DAG File Processing Stats

File Path                           PID    Runtime      # DAGs    # Errors  Last Runtime    Last Run
----------------------------------  -----  ---------  --------  ----------  --------------  -------------------
/opt/airflow/dags/pipeline_bets.py                           1           0  4.28s           2026-07-16T00:11:04
================================================================================
[2026-07-16T00:11:59.873+0000] {manager.py:878} INFO - 
================================================================================
DAG File Processing Stats

File Path                           PID    Runtime      # DAGs    # Errors  Last Runtime    Last Run
----------------------------------  -----  ---------  --------  ----------  --------------  -------------------
/opt/airflow/dags/pipeline_bets.py                           1           0  1.61s           2026-07-16T00:11:36
================================================================================
[2026-07-16T00:12:30.459+0000] {manager.py:878} INFO - 
================================================================================
DAG File Processing Stats

File Path                           PID    Runtime      # DAGs    # Errors  Last Runtime    Last Run
----------------------------------  -----  ---------  --------  ----------  --------------  -------------------
/opt/airflow/dags/pipeline_bets.py                           1           0  0.50s           2026-07-16T00:12:07
================================================================================
[2026-07-16T00:13:00.725+0000] {manager.py:878} INFO - 
================================================================================
DAG File Processing Stats

File Path                           PID    Runtime      # DAGs    # Errors  Last Runtime    Last Run
----------------------------------  -----  ---------  --------  ----------  --------------  -------------------
/opt/airflow/dags/pipeline_bets.py                           1           0  0.73s           2026-07-16T00:12:38
================================================================================
[2026-07-16T00:13:31.227+0000] {manager.py:878} INFO - 
================================================================================
DAG File Processing Stats

File Path                           PID    Runtime      # DAGs    # Errors  Last Runtime    Last Run
----------------------------------  -----  ---------  --------  ----------  --------------  -------------------
/opt/airflow/dags/pipeline_bets.py                           1           0  2.10s           2026-07-16T00:13:10
================================================================================
[2026-07-16T00:14:03.475+0000] {manager.py:878} INFO - 
================================================================================
DAG File Processing Stats

File Path                           PID    Runtime      # DAGs    # Errors  Last Runtime    Last Run
----------------------------------  -----  ---------  --------  ----------  --------------  -------------------
/opt/airflow/dags/pipeline_bets.py                           1           0  5.56s           2026-07-16T00:13:46
================================================================================
[2026-07-16T00:14:33.978+0000] {manager.py:878} INFO - 
================================================================================
DAG File Processing Stats

File Path                           PID    Runtime      # DAGs    # Errors  Last Runtime    Last Run
----------------------------------  -----  ---------  --------  ----------  --------------  -------------------
/opt/airflow/dags/pipeline_bets.py                           1           0  3.90s           2026-07-16T00:14:21
================================================================================
[2026-07-16T00:15:04.161+0000] {manager.py:878} INFO - 
================================================================================
DAG File Processing Stats

File Path                           PID    Runtime      # DAGs    # Errors  Last Runtime    Last Run
----------------------------------  -----  ---------  --------  ----------  --------------  -------------------
/opt/airflow/dags/pipeline_bets.py                           1           0  0.86s           2026-07-16T00:14:52
================================================================================
[2026-07-16T00:15:28.278+0000] {manager.py:737} INFO - Searching for files in /opt/airflow/dags
[2026-07-16T00:15:28.286+0000] {manager.py:740} INFO - There are 1 files in /opt/airflow/dags
[2026-07-16T00:15:34.352+0000] {manager.py:878} INFO - 
================================================================================
DAG File Processing Stats

File Path                           PID    Runtime      # DAGs    # Errors  Last Runtime    Last Run
----------------------------------  -----  ---------  --------  ----------  --------------  -------------------
/opt/airflow/dags/pipeline_bets.py                           1           0  0.59s           2026-07-16T00:15:23
================================================================================
[2026-07-16T00:16:04.603+0000] {manager.py:878} INFO - 
================================================================================
DAG File Processing Stats

File Path                           PID    Runtime      # DAGs    # Errors  Last Runtime    Last Run
----------------------------------  -----  ---------  --------  ----------  --------------  -------------------
/opt/airflow/dags/pipeline_bets.py                           1           0  0.62s           2026-07-16T00:15:54
================================================================================
[2026-07-16T00:16:34.785+0000] {manager.py:878} INFO - 
================================================================================
DAG File Processing Stats

File Path                           PID    Runtime      # DAGs    # Errors  Last Runtime    Last Run
----------------------------------  -----  ---------  --------  ----------  --------------  -------------------
/opt/airflow/dags/pipeline_bets.py                           1           0  0.51s           2026-07-16T00:16:24
================================================================================
[2026-07-16T00:17:05.028+0000] {manager.py:878} INFO - 
================================================================================
DAG File Processing Stats

File Path                           PID    Runtime      # DAGs    # Errors  Last Runtime    Last Run
----------------------------------  -----  ---------  --------  ----------  --------------  -------------------
/opt/airflow/dags/pipeline_bets.py                           1           0  1.19s           2026-07-16T00:16:56
================================================================================
[2026-07-16T00:17:35.262+0000] {manager.py:878} INFO - 
================================================================================
DAG File Processing Stats

File Path                           PID    Runtime      # DAGs    # Errors  Last Runtime    Last Run
----------------------------------  -----  ---------  --------  ----------  --------------  -------------------
/opt/airflow/dags/pipeline_bets.py                           1           0  0.39s           2026-07-16T00:17:26
================================================================================
[2026-07-16T00:18:05.891+0000] {manager.py:878} INFO - 
================================================================================
DAG File Processing Stats

File Path                           PID    Runtime      # DAGs    # Errors  Last Runtime    Last Run
----------------------------------  -----  ---------  --------  ----------  --------------  -------------------
/opt/airflow/dags/pipeline_bets.py                           1           0  2.49s           2026-07-16T00:18:01
================================================================================
[2026-07-16T00:18:36.366+0000] {manager.py:878} INFO - 
================================================================================
DAG File Processing Stats

File Path                           PID    Runtime      # DAGs    # Errors  Last Runtime    Last Run
----------------------------------  -----  ---------  --------  ----------  --------------  -------------------
/opt/airflow/dags/pipeline_bets.py                           1           0  1.50s           2026-07-16T00:18:32
================================================================================
[2026-07-16T00:19:06.840+0000] {manager.py:878} INFO - 
================================================================================
DAG File Processing Stats

File Path                           PID    Runtime      # DAGs    # Errors  Last Runtime    Last Run
----------------------------------  -----  ---------  --------  ----------  --------------  -------------------
/opt/airflow/dags/pipeline_bets.py                           1           0  0.52s           2026-07-16T00:19:03
================================================================================
[2026-07-16T00:19:37.011+0000] {manager.py:878} INFO - 
================================================================================
DAG File Processing Stats

File Path                           PID    Runtime      # DAGs    # Errors  Last Runtime    Last Run
----------------------------------  -----  ---------  --------  ----------  --------------  -------------------
/opt/airflow/dags/pipeline_bets.py                           1           0  0.59s           2026-07-16T00:19:34
================================================================================
[2026-07-16T00:20:07.223+0000] {manager.py:878} INFO - 
================================================================================
DAG File Processing Stats

File Path                           PID    Runtime      # DAGs    # Errors  Last Runtime    Last Run
----------------------------------  -----  ---------  --------  ----------  --------------  -------------------
/opt/airflow/dags/pipeline_bets.py                           1           0  0.54s           2026-07-16T00:20:04
================================================================================
[2026-07-16T00:20:28.349+0000] {manager.py:737} INFO - Searching for files in /opt/airflow/dags
[2026-07-16T00:20:28.359+0000] {manager.py:740} INFO - There are 1 files in /opt/airflow/dags
[2026-07-16T00:20:37.229+0000] {manager.py:878} INFO - 
================================================================================
DAG File Processing Stats

File Path                           PID    Runtime      # DAGs    # Errors  Last Runtime    Last Run
----------------------------------  -----  ---------  --------  ----------  --------------  -------------------
/opt/airflow/dags/pipeline_bets.py                           1           0  0.35s           2026-07-16T00:20:35
================================================================================
[2026-07-16T00:21:06.947+0000] {manager.py:452} INFO - Exiting gracefully upon receiving signal 15
[2026-07-16T00:21:06.981+0000] {manager.py:452} INFO - Exiting gracefully upon receiving signal 15
[2026-07-16T00:21:11.946+0000] {manager.py:452} INFO - Exiting gracefully upon receiving signal 15
[2026-07-16T00:21:44.971+0000] {manager.py:470} INFO - Processing files using up to 2 processes at a time 
[2026-07-16T00:21:44.974+0000] {manager.py:471} INFO - Process each file at most once every 30 seconds
[2026-07-16T00:21:44.975+0000] {manager.py:472} INFO - Checking for new files in /opt/airflow/dags every 300 seconds
[2026-07-16T00:21:44.975+0000] {manager.py:737} INFO - Searching for files in /opt/airflow/dags
[2026-07-16T00:21:44.978+0000] {manager.py:740} INFO - There are 1 files in /opt/airflow/dags
[2026-07-16T00:21:45.175+0000] {manager.py:878} INFO - 
================================================================================
DAG File Processing Stats

File Path                             PID  Runtime      # DAGs    # Errors  Last Runtime    Last Run
----------------------------------  -----  ---------  --------  ----------  --------------  ----------
/opt/airflow/dags/pipeline_bets.py    160  0.09s             0           0
================================================================================
[2026-07-16T00:22:15.742+0000] {manager.py:878} INFO - 
================================================================================
DAG File Processing Stats

File Path                             PID  Runtime      # DAGs    # Errors  Last Runtime    Last Run
----------------------------------  -----  ---------  --------  ----------  --------------  -------------------
/opt/airflow/dags/pipeline_bets.py    166  0.03s             1           0  0.26s           2026-07-16T00:21:45
================================================================================
[2026-07-16T00:22:25.938+0000] {manager.py:452} INFO - Exiting gracefully upon receiving signal 15
[2026-07-16T00:23:29.464+0000] {manager.py:470} INFO - Processing files using up to 2 processes at a time 
[2026-07-16T00:23:29.466+0000] {manager.py:471} INFO - Process each file at most once every 30 seconds
[2026-07-16T00:23:29.466+0000] {manager.py:472} INFO - Checking for new files in /opt/airflow/dags every 300 seconds
[2026-07-16T00:23:29.467+0000] {manager.py:737} INFO - Searching for files in /opt/airflow/dags
[2026-07-16T00:23:29.472+0000] {manager.py:740} INFO - There are 1 files in /opt/airflow/dags
[2026-07-16T00:23:29.776+0000] {manager.py:878} INFO - 
================================================================================
DAG File Processing Stats

File Path                             PID  Runtime      # DAGs    # Errors  Last Runtime    Last Run
----------------------------------  -----  ---------  --------  ----------  --------------  ----------
/opt/airflow/dags/pipeline_bets.py    160  0.21s             0           0
================================================================================
[2026-07-16T00:24:00.096+0000] {manager.py:878} INFO - 
================================================================================
DAG File Processing Stats

File Path                           PID    Runtime      # DAGs    # Errors  Last Runtime    Last Run
----------------------------------  -----  ---------  --------  ----------  --------------  -------------------
/opt/airflow/dags/pipeline_bets.py                           1           0  1.51s           2026-07-16T00:23:31
================================================================================
[2026-07-16T00:24:30.303+0000] {manager.py:878} INFO - 
================================================================================
DAG File Processing Stats

File Path                           PID    Runtime      # DAGs    # Errors  Last Runtime    Last Run
----------------------------------  -----  ---------  --------  ----------  --------------  -------------------
/opt/airflow/dags/pipeline_bets.py                           1           0  1.92s           2026-07-16T00:24:03
================================================================================
[2026-07-16T00:25:00.816+0000] {manager.py:878} INFO - 
================================================================================
DAG File Processing Stats

File Path                           PID    Runtime      # DAGs    # Errors  Last Runtime    Last Run
----------------------------------  -----  ---------  --------  ----------  --------------  -------------------
/opt/airflow/dags/pipeline_bets.py                           1           0  3.08s           2026-07-16T00:24:36
================================================================================
[2026-07-16T00:25:31.151+0000] {manager.py:878} INFO - 
================================================================================
DAG File Processing Stats

File Path                           PID    Runtime      # DAGs    # Errors  Last Runtime    Last Run
----------------------------------  -----  ---------  --------  ----------  --------------  -------------------
/opt/airflow/dags/pipeline_bets.py                           1           0  3.90s           2026-07-16T00:25:11
================================================================================
[2026-07-16T00:26:01.460+0000] {manager.py:878} INFO - 
================================================================================
DAG File Processing Stats

File Path                           PID    Runtime      # DAGs    # Errors  Last Runtime    Last Run
----------------------------------  -----  ---------  --------  ----------  --------------  -------------------
/opt/airflow/dags/pipeline_bets.py                           1           0  1.30s           2026-07-16T00:25:42
================================================================================
[2026-07-16T00:26:31.698+0000] {manager.py:878} INFO - 
================================================================================
DAG File Processing Stats

File Path                           PID    Runtime      # DAGs    # Errors  Last Runtime    Last Run
----------------------------------  -----  ---------  --------  ----------  --------------  -------------------
/opt/airflow/dags/pipeline_bets.py                           1           0  2.81s           2026-07-16T00:26:15
================================================================================
[2026-07-16T00:27:02.094+0000] {manager.py:878} INFO - 
================================================================================
DAG File Processing Stats

File Path                           PID    Runtime      # DAGs    # Errors  Last Runtime    Last Run
----------------------------------  -----  ---------  --------  ----------  --------------  -------------------
/opt/airflow/dags/pipeline_bets.py                           1           0  0.60s           2026-07-16T00:26:46
================================================================================
[2026-07-16T00:27:32.819+0000] {manager.py:878} INFO - 
================================================================================
DAG File Processing Stats

File Path                           PID    Runtime      # DAGs    # Errors  Last Runtime    Last Run
----------------------------------  -----  ---------  --------  ----------  --------------  -------------------
/opt/airflow/dags/pipeline_bets.py                           1           0  1.20s           2026-07-16T00:27:17
================================================================================
[2026-07-16T00:28:02.953+0000] {manager.py:878} INFO - 
================================================================================
DAG File Processing Stats

File Path                           PID    Runtime      # DAGs    # Errors  Last Runtime    Last Run
----------------------------------  -----  ---------  --------  ----------  --------------  -------------------
/opt/airflow/dags/pipeline_bets.py                           1           0  0.68s           2026-07-16T00:27:48
================================================================================
[2026-07-16T00:28:30.198+0000] {manager.py:737} INFO - Searching for files in /opt/airflow/dags
[2026-07-16T00:28:30.274+0000] {manager.py:740} INFO - There are 1 files in /opt/airflow/dags
[2026-07-16T00:28:33.470+0000] {manager.py:878} INFO - 
================================================================================
DAG File Processing Stats

File Path                           PID    Runtime      # DAGs    # Errors  Last Runtime    Last Run
----------------------------------  -----  ---------  --------  ----------  --------------  -------------------
/opt/airflow/dags/pipeline_bets.py                           1           0  3.04s           2026-07-16T00:28:22
================================================================================
[2026-07-16T00:29:04.120+0000] {manager.py:878} INFO - 
================================================================================
DAG File Processing Stats

File Path                           PID    Runtime      # DAGs    # Errors  Last Runtime    Last Run
----------------------------------  -----  ---------  --------  ----------  --------------  -------------------
/opt/airflow/dags/pipeline_bets.py                           1           0  5.21s           2026-07-16T00:28:57
================================================================================
[2026-07-16T00:29:34.412+0000] {manager.py:878} INFO - 
================================================================================
DAG File Processing Stats

File Path                           PID    Runtime      # DAGs    # Errors  Last Runtime    Last Run
----------------------------------  -----  ---------  --------  ----------  --------------  -------------------
/opt/airflow/dags/pipeline_bets.py                           1           0  0.73s           2026-07-16T00:29:29
================================================================================
[2026-07-16T00:30:04.622+0000] {manager.py:878} INFO - 
================================================================================
DAG File Processing Stats

File Path                           PID    Runtime      # DAGs    # Errors  Last Runtime    Last Run
----------------------------------  -----  ---------  --------  ----------  --------------  -------------------
/opt/airflow/dags/pipeline_bets.py                           1           0  1.79s           2026-07-16T00:30:01
================================================================================
[2026-07-16T00:30:53.925+0000] {manager.py:878} INFO - 
================================================================================
DAG File Processing Stats

File Path                             PID  Runtime      # DAGs    # Errors  Last Runtime    Last Run
----------------------------------  -----  ---------  --------  ----------  --------------  -------------------
/opt/airflow/dags/pipeline_bets.py    235  18.70s            1           0  1.79s           2026-07-16T00:30:01
================================================================================
[2026-07-16T00:31:24.447+0000] {manager.py:878} INFO - 
================================================================================
DAG File Processing Stats

File Path                           PID    Runtime      # DAGs    # Errors  Last Runtime    Last Run
----------------------------------  -----  ---------  --------  ----------  --------------  -------------------
/opt/airflow/dags/pipeline_bets.py                           1           0  22.98s          2026-07-16T00:30:57
================================================================================
[2026-07-16T00:31:59.997+0000] {manager.py:878} INFO - 
================================================================================
DAG File Processing Stats

File Path                           PID    Runtime      # DAGs    # Errors  Last Runtime    Last Run
----------------------------------  -----  ---------  --------  ----------  --------------  -------------------
/opt/airflow/dags/pipeline_bets.py                           1           0  2.30s           2026-07-16T00:31:29
================================================================================
[2026-07-16T00:33:02.605+0000] {manager.py:878} INFO - 
================================================================================
DAG File Processing Stats

File Path                             PID  Runtime      # DAGs    # Errors  Last Runtime    Last Run
----------------------------------  -----  ---------  --------  ----------  --------------  -------------------
/opt/airflow/dags/pipeline_bets.py    245  43.21s            1           0  2.30s           2026-07-16T00:31:29
================================================================================
[2026-07-16T00:34:29.898+0000] {manager.py:737} INFO - Searching for files in /opt/airflow/dags
[2026-07-16T00:35:05.725+0000] {manager.py:740} INFO - There are 1 files in /opt/airflow/dags
[2026-07-16T00:36:22.800+0000] {manager.py:1203} ERROR - Processor for /opt/airflow/dags/pipeline_bets.py with PID 245 started at 2026-07-16T00:32:11.989434+00:00 has timed out, killing it.
[2026-07-16T00:36:22.948+0000] {manager.py:878} INFO - 
================================================================================
DAG File Processing Stats

File Path                           PID    Runtime      # DAGs    # Errors  Last Runtime    Last Run
----------------------------------  -----  ---------  --------  ----------  --------------  -------------------
/opt/airflow/dags/pipeline_bets.py                           0           1  250.71s         2026-07-16T00:36:22
================================================================================
[2026-07-16T00:37:35.938+0000] {manager.py:878} INFO - 
================================================================================
DAG File Processing Stats

File Path                             PID  Runtime      # DAGs    # Errors  Last Runtime    Last Run
----------------------------------  -----  ---------  --------  ----------  --------------  -------------------
/opt/airflow/dags/pipeline_bets.py    250  8.93s             0           1  250.71s         2026-07-16T00:36:22
================================================================================
[2026-07-16T00:38:31.253+0000] {manager.py:1203} ERROR - Processor for /opt/airflow/dags/pipeline_bets.py with PID 250 started at 2026-07-16T00:37:05.772987+00:00 has timed out, killing it.
[2026-07-16T00:38:31.525+0000] {manager.py:878} INFO - 
================================================================================
DAG File Processing Stats

File Path                           PID    Runtime      # DAGs    # Errors  Last Runtime    Last Run
----------------------------------  -----  ---------  --------  ----------  --------------  -------------------
/opt/airflow/dags/pipeline_bets.py                           0           1  85.45s          2026-07-16T00:38:31
================================================================================
[2026-07-16T00:39:01.821+0000] {manager.py:878} INFO - 
================================================================================
DAG File Processing Stats

File Path                             PID  Runtime      # DAGs    # Errors  Last Runtime    Last Run
----------------------------------  -----  ---------  --------  ----------  --------------  -------------------
/opt/airflow/dags/pipeline_bets.py    253  0.06s             0           1  85.45s          2026-07-16T00:38:31
================================================================================
[2026-07-16T00:39:28.021+0000] {manager.py:737} INFO - Searching for files in /opt/airflow/dags
[2026-07-16T00:39:28.055+0000] {manager.py:740} INFO - There are 1 files in /opt/airflow/dags
[2026-07-16T00:39:32.162+0000] {manager.py:878} INFO - 
================================================================================
DAG File Processing Stats

File Path                           PID    Runtime      # DAGs    # Errors  Last Runtime    Last Run
----------------------------------  -----  ---------  --------  ----------  --------------  -------------------
/opt/airflow/dags/pipeline_bets.py                           1           0  2.62s           2026-07-16T00:39:04
================================================================================
[2026-07-16T00:40:02.382+0000] {manager.py:878} INFO - 
================================================================================
DAG File Processing Stats

File Path                           PID    Runtime      # DAGs    # Errors  Last Runtime    Last Run
----------------------------------  -----  ---------  --------  ----------  --------------  -------------------
/opt/airflow/dags/pipeline_bets.py                           1           0  0.71s           2026-07-16T00:39:35
================================================================================
[2026-07-16T00:40:32.641+0000] {manager.py:878} INFO - 
================================================================================
DAG File Processing Stats

File Path                           PID    Runtime      # DAGs    # Errors  Last Runtime    Last Run
----------------------------------  -----  ---------  --------  ----------  --------------  -------------------
/opt/airflow/dags/pipeline_bets.py                           1           0  0.35s           2026-07-16T00:40:05
================================================================================
[2026-07-16T00:41:08.006+0000] {manager.py:878} INFO - 
================================================================================
DAG File Processing Stats

File Path                           PID    Runtime      # DAGs    # Errors  Last Runtime    Last Run
----------------------------------  -----  ---------  --------  ----------  --------------  -------------------
/opt/airflow/dags/pipeline_bets.py                           1           0  0.32s           2026-07-16T00:40:36
================================================================================
[2026-07-16T00:41:40.108+0000] {manager.py:878} INFO - 
================================================================================
DAG File Processing Stats

File Path                             PID  Runtime      # DAGs    # Errors  Last Runtime    Last Run
----------------------------------  -----  ---------  --------  ----------  --------------  -------------------
/opt/airflow/dags/pipeline_bets.py    273  29.82s            1           0  0.32s           2026-07-16T00:40:36
================================================================================
[2026-07-16T00:42:27.303+0000] {manager.py:1203} ERROR - Processor for /opt/airflow/dags/pipeline_bets.py with PID 273 started at 2026-07-16T00:41:09.203101+00:00 has timed out, killing it.
[2026-07-16T00:42:39.943+0000] {manager.py:878} INFO - 
================================================================================
DAG File Processing Stats

File Path                           PID    Runtime      # DAGs    # Errors  Last Runtime    Last Run
----------------------------------  -----  ---------  --------  ----------  --------------  -------------------
/opt/airflow/dags/pipeline_bets.py                           0           1  76.69s          2026-07-16T00:42:25
================================================================================
[2026-07-16T00:43:19.670+0000] {manager.py:878} INFO - 
================================================================================
DAG File Processing Stats

File Path                             PID  Runtime      # DAGs    # Errors  Last Runtime    Last Run
----------------------------------  -----  ---------  --------  ----------  --------------  -------------------
/opt/airflow/dags/pipeline_bets.py    276  21.76s            0           1  76.69s          2026-07-16T00:42:25
================================================================================
[2026-07-16T00:43:51.171+0000] {manager.py:878} INFO - 
================================================================================
DAG File Processing Stats

File Path                           PID    Runtime      # DAGs    # Errors  Last Runtime    Last Run
----------------------------------  -----  ---------  --------  ----------  --------------  -------------------
/opt/airflow/dags/pipeline_bets.py                           1           0  33.91s          2026-07-16T00:43:31
================================================================================
[2026-07-16T00:44:21.556+0000] {manager.py:878} INFO - 
================================================================================
DAG File Processing Stats

File Path                           PID    Runtime      # DAGs    # Errors  Last Runtime    Last Run
----------------------------------  -----  ---------  --------  ----------  --------------  -------------------
/opt/airflow/dags/pipeline_bets.py                           1           0  0.44s           2026-07-16T00:44:01
================================================================================
[2026-07-16T00:44:28.594+0000] {manager.py:737} INFO - Searching for files in /opt/airflow/dags
[2026-07-16T00:44:28.605+0000] {manager.py:740} INFO - There are 1 files in /opt/airflow/dags
[2026-07-16T00:44:51.954+0000] {manager.py:878} INFO - 
================================================================================
DAG File Processing Stats

File Path                           PID    Runtime      # DAGs    # Errors  Last Runtime    Last Run
----------------------------------  -----  ---------  --------  ----------  --------------  -------------------
/opt/airflow/dags/pipeline_bets.py                           1           0  0.25s           2026-07-16T00:44:32
================================================================================
[2026-07-16T00:45:22.467+0000] {manager.py:878} INFO - 
================================================================================
DAG File Processing Stats

File Path                           PID    Runtime      # DAGs    # Errors  Last Runtime    Last Run
----------------------------------  -----  ---------  --------  ----------  --------------  -------------------
/opt/airflow/dags/pipeline_bets.py                           1           0  1.18s           2026-07-16T00:45:03
================================================================================
[2026-07-16T00:45:52.706+0000] {manager.py:878} INFO - 
================================================================================
DAG File Processing Stats

File Path                           PID    Runtime      # DAGs    # Errors  Last Runtime    Last Run
----------------------------------  -----  ---------  --------  ----------  --------------  -------------------
/opt/airflow/dags/pipeline_bets.py                           1           0  1.05s           2026-07-16T00:45:34
================================================================================
[2026-07-16T00:46:22.938+0000] {manager.py:878} INFO - 
================================================================================
DAG File Processing Stats

File Path                           PID    Runtime      # DAGs    # Errors  Last Runtime    Last Run
----------------------------------  -----  ---------  --------  ----------  --------------  -------------------
/opt/airflow/dags/pipeline_bets.py                           1           0  0.21s           2026-07-16T00:46:05
================================================================================
[2026-07-16T00:46:53.254+0000] {manager.py:878} INFO - 
================================================================================
DAG File Processing Stats

File Path                           PID    Runtime      # DAGs    # Errors  Last Runtime    Last Run
----------------------------------  -----  ---------  --------  ----------  --------------  -------------------
/opt/airflow/dags/pipeline_bets.py                           1           0  0.40s           2026-07-16T00:46:35
================================================================================
[2026-07-16T00:47:23.701+0000] {manager.py:878} INFO - 
================================================================================
DAG File Processing Stats

File Path                           PID    Runtime      # DAGs    # Errors  Last Runtime    Last Run
----------------------------------  -----  ---------  --------  ----------  --------------  -------------------
/opt/airflow/dags/pipeline_bets.py                           1           0  0.23s           2026-07-16T00:47:05
================================================================================
[2026-07-16T00:47:54.082+0000] {manager.py:878} INFO - 
================================================================================
DAG File Processing Stats

File Path                           PID    Runtime      # DAGs    # Errors  Last Runtime    Last Run
----------------------------------  -----  ---------  --------  ----------  --------------  -------------------
/opt/airflow/dags/pipeline_bets.py                           1           0  0.37s           2026-07-16T00:47:36
================================================================================
[2026-07-16T00:48:17.017+0000] {manager.py:452} INFO - Exiting gracefully upon receiving signal 15
[2026-07-16T00:53:23.718+0000] {manager.py:470} INFO - Processing files using up to 2 processes at a time 
[2026-07-16T00:53:23.719+0000] {manager.py:471} INFO - Process each file at most once every 30 seconds
[2026-07-16T00:53:23.720+0000] {manager.py:472} INFO - Checking for new files in /opt/airflow/dags every 300 seconds
[2026-07-16T00:53:23.720+0000] {manager.py:737} INFO - Searching for files in /opt/airflow/dags
[2026-07-16T00:53:23.733+0000] {manager.py:740} INFO - There are 1 files in /opt/airflow/dags
[2026-07-16T00:53:24.436+0000] {manager.py:878} INFO - 
================================================================================
DAG File Processing Stats

File Path                             PID  Runtime      # DAGs    # Errors  Last Runtime    Last Run
----------------------------------  -----  ---------  --------  ----------  --------------  ----------
/opt/airflow/dags/pipeline_bets.py    160  0.26s             0           0
================================================================================
[2026-07-16T00:53:54.681+0000] {manager.py:878} INFO - 
================================================================================
DAG File Processing Stats

File Path                           PID    Runtime      # DAGs    # Errors  Last Runtime    Last Run
----------------------------------  -----  ---------  --------  ----------  --------------  -------------------
/opt/airflow/dags/pipeline_bets.py                           1           0  0.78s           2026-07-16T00:53:24
================================================================================
[2026-07-16T00:54:25.767+0000] {manager.py:878} INFO - 
================================================================================
DAG File Processing Stats

File Path                           PID    Runtime      # DAGs    # Errors  Last Runtime    Last Run
----------------------------------  -----  ---------  --------  ----------  --------------  -------------------
/opt/airflow/dags/pipeline_bets.py                           1           0  7.61s           2026-07-16T00:54:02
================================================================================
[2026-07-16T00:54:56.038+0000] {manager.py:878} INFO - 
================================================================================
DAG File Processing Stats

File Path                           PID    Runtime      # DAGs    # Errors  Last Runtime    Last Run
----------------------------------  -----  ---------  --------  ----------  --------------  -------------------
/opt/airflow/dags/pipeline_bets.py                           1           0  1.22s           2026-07-16T00:54:34
================================================================================
[2026-07-16T00:55:26.430+0000] {manager.py:878} INFO - 
================================================================================
DAG File Processing Stats

File Path                           PID    Runtime      # DAGs    # Errors  Last Runtime    Last Run
----------------------------------  -----  ---------  --------  ----------  --------------  -------------------
/opt/airflow/dags/pipeline_bets.py                           1           0  1.61s           2026-07-16T00:55:05
================================================================================
[2026-07-16T00:55:57.443+0000] {manager.py:878} INFO - 
================================================================================
DAG File Processing Stats

File Path                           PID    Runtime      # DAGs    # Errors  Last Runtime    Last Run
----------------------------------  -----  ---------  --------  ----------  --------------  -------------------
/opt/airflow/dags/pipeline_bets.py                           1           0  1.21s           2026-07-16T00:55:37
================================================================================
[2026-07-16T00:56:27.822+0000] {manager.py:878} INFO - 
================================================================================
DAG File Processing Stats

File Path                           PID    Runtime      # DAGs    # Errors  Last Runtime    Last Run
----------------------------------  -----  ---------  --------  ----------  --------------  -------------------
/opt/airflow/dags/pipeline_bets.py                           1           0  7.74s           2026-07-16T00:56:15
================================================================================
[2026-07-16T00:56:57.990+0000] {manager.py:878} INFO - 
================================================================================
DAG File Processing Stats

File Path                           PID    Runtime      # DAGs    # Errors  Last Runtime    Last Run
----------------------------------  -----  ---------  --------  ----------  --------------  -------------------
/opt/airflow/dags/pipeline_bets.py                           1           0  0.43s           2026-07-16T00:56:46
================================================================================
[2026-07-16T00:57:28.243+0000] {manager.py:878} INFO - 
================================================================================
DAG File Processing Stats

File Path                           PID    Runtime      # DAGs    # Errors  Last Runtime    Last Run
----------------------------------  -----  ---------  --------  ----------  --------------  -------------------
/opt/airflow/dags/pipeline_bets.py                           1           0  4.66s           2026-07-16T00:57:20
================================================================================
[2026-07-16T00:57:58.356+0000] {manager.py:878} INFO - 
================================================================================
DAG File Processing Stats

File Path                             PID  Runtime      # DAGs    # Errors  Last Runtime    Last Run
----------------------------------  -----  ---------  --------  ----------  --------------  -------------------
/opt/airflow/dags/pipeline_bets.py    469  7.15s             1           0  4.66s           2026-07-16T00:57:20
================================================================================
[2026-07-16T00:58:24.323+0000] {manager.py:737} INFO - Searching for files in /opt/airflow/dags
[2026-07-16T00:58:24.390+0000] {manager.py:740} INFO - There are 1 files in /opt/airflow/dags
[2026-07-16T00:58:28.698+0000] {manager.py:878} INFO - 
================================================================================
DAG File Processing Stats

File Path                           PID    Runtime      # DAGs    # Errors  Last Runtime    Last Run
----------------------------------  -----  ---------  --------  ----------  --------------  -------------------
/opt/airflow/dags/pipeline_bets.py                           1           0  13.92s          2026-07-16T00:58:05
================================================================================
[2026-07-16T00:58:59.232+0000] {manager.py:878} INFO - 
================================================================================
DAG File Processing Stats

File Path                           PID    Runtime      # DAGs    # Errors  Last Runtime    Last Run
----------------------------------  -----  ---------  --------  ----------  --------------  -------------------
/opt/airflow/dags/pipeline_bets.py                           1           0  2.76s           2026-07-16T00:58:38
================================================================================
[2026-07-16T00:59:29.940+0000] {manager.py:878} INFO - 
================================================================================
DAG File Processing Stats

File Path                           PID    Runtime      # DAGs    # Errors  Last Runtime    Last Run
----------------------------------  -----  ---------  --------  ----------  --------------  -------------------
/opt/airflow/dags/pipeline_bets.py                           1           0  1.33s           2026-07-16T00:59:10
================================================================================
[2026-07-16T01:00:00.362+0000] {manager.py:878} INFO - 
================================================================================
DAG File Processing Stats

File Path                           PID    Runtime      # DAGs    # Errors  Last Runtime    Last Run
----------------------------------  -----  ---------  --------  ----------  --------------  -------------------
/opt/airflow/dags/pipeline_bets.py                           1           0  1.24s           2026-07-16T00:59:41
================================================================================
[2026-07-16T01:00:30.765+0000] {manager.py:878} INFO - 
================================================================================
DAG File Processing Stats

File Path                           PID    Runtime      # DAGs    # Errors  Last Runtime    Last Run
----------------------------------  -----  ---------  --------  ----------  --------------  -------------------
/opt/airflow/dags/pipeline_bets.py                           1           0  0.20s           2026-07-16T01:00:11
================================================================================
[2026-07-16T01:01:01.036+0000] {manager.py:878} INFO - 
================================================================================
DAG File Processing Stats

File Path                           PID    Runtime      # DAGs    # Errors  Last Runtime    Last Run
----------------------------------  -----  ---------  --------  ----------  --------------  -------------------
/opt/airflow/dags/pipeline_bets.py                           1           0  2.95s           2026-07-16T01:00:44
================================================================================
[2026-07-16T01:01:31.473+0000] {manager.py:878} INFO - 
================================================================================
DAG File Processing Stats

File Path                           PID    Runtime      # DAGs    # Errors  Last Runtime    Last Run
----------------------------------  -----  ---------  --------  ----------  --------------  -------------------
/opt/airflow/dags/pipeline_bets.py                           1           0  2.16s           2026-07-16T01:01:17
================================================================================
[2026-07-16T01:02:01.709+0000] {manager.py:878} INFO - 
================================================================================
DAG File Processing Stats

File Path                           PID    Runtime      # DAGs    # Errors  Last Runtime    Last Run
----------------------------------  -----  ---------  --------  ----------  --------------  -------------------
/opt/airflow/dags/pipeline_bets.py                           1           0  0.37s           2026-07-16T01:01:47
================================================================================
[2026-07-16T01:02:32.199+0000] {manager.py:878} INFO - 
================================================================================
DAG File Processing Stats

File Path                           PID    Runtime      # DAGs    # Errors  Last Runtime    Last Run
----------------------------------  -----  ---------  --------  ----------  --------------  -------------------
/opt/airflow/dags/pipeline_bets.py                           1           0  0.42s           2026-07-16T01:02:18
================================================================================
[2026-07-16T01:03:02.791+0000] {manager.py:878} INFO - 
================================================================================
DAG File Processing Stats

File Path                           PID    Runtime      # DAGs    # Errors  Last Runtime    Last Run
----------------------------------  -----  ---------  --------  ----------  --------------  -------------------
/opt/airflow/dags/pipeline_bets.py                           1           0  0.15s           2026-07-16T01:02:48
================================================================================
[2026-07-16T01:03:25.009+0000] {manager.py:737} INFO - Searching for files in /opt/airflow/dags
[2026-07-16T01:03:25.020+0000] {manager.py:740} INFO - There are 1 files in /opt/airflow/dags
[2026-07-16T01:03:33.100+0000] {manager.py:878} INFO - 
================================================================================
DAG File Processing Stats

File Path                           PID    Runtime      # DAGs    # Errors  Last Runtime    Last Run
----------------------------------  -----  ---------  --------  ----------  --------------  -------------------
/opt/airflow/dags/pipeline_bets.py                           1           0  0.31s           2026-07-16T01:03:19
================================================================================
[2026-07-16T01:04:03.500+0000] {manager.py:878} INFO - 
================================================================================
DAG File Processing Stats

File Path                           PID    Runtime      # DAGs    # Errors  Last Runtime    Last Run
----------------------------------  -----  ---------  --------  ----------  --------------  -------------------
/opt/airflow/dags/pipeline_bets.py                           1           0  0.53s           2026-07-16T01:03:49
================================================================================
[2026-07-16T01:04:33.810+0000] {manager.py:878} INFO - 
================================================================================
DAG File Processing Stats

File Path                           PID    Runtime      # DAGs    # Errors  Last Runtime    Last Run
----------------------------------  -----  ---------  --------  ----------  --------------  -------------------
/opt/airflow/dags/pipeline_bets.py                           1           0  3.80s           2026-07-16T01:04:23
================================================================================
[2026-07-16T01:05:04.429+0000] {manager.py:878} INFO - 
================================================================================
DAG File Processing Stats

File Path                           PID    Runtime      # DAGs    # Errors  Last Runtime    Last Run
----------------------------------  -----  ---------  --------  ----------  --------------  -------------------
/opt/airflow/dags/pipeline_bets.py                           1           0  3.26s           2026-07-16T01:04:57
================================================================================
[2026-07-16T01:05:34.722+0000] {manager.py:878} INFO - 
================================================================================
DAG File Processing Stats

File Path                           PID    Runtime      # DAGs    # Errors  Last Runtime    Last Run
----------------------------------  -----  ---------  --------  ----------  --------------  -------------------
/opt/airflow/dags/pipeline_bets.py                           1           0  0.82s           2026-07-16T01:05:28
================================================================================
[2026-07-16T01:06:04.895+0000] {manager.py:878} INFO - 
================================================================================
DAG File Processing Stats

File Path                           PID    Runtime      # DAGs    # Errors  Last Runtime    Last Run
----------------------------------  -----  ---------  --------  ----------  --------------  -------------------
/opt/airflow/dags/pipeline_bets.py                           1           0  0.50s           2026-07-16T01:05:59
================================================================================
[2026-07-16T01:06:35.307+0000] {manager.py:878} INFO - 
================================================================================
DAG File Processing Stats

File Path                           PID    Runtime      # DAGs    # Errors  Last Runtime    Last Run
----------------------------------  -----  ---------  --------  ----------  --------------  -------------------
/opt/airflow/dags/pipeline_bets.py                           1           0  0.40s           2026-07-16T01:06:29
================================================================================
[2026-07-16T01:07:05.850+0000] {manager.py:878} INFO - 
================================================================================
DAG File Processing Stats

File Path                           PID    Runtime      # DAGs    # Errors  Last Runtime    Last Run
----------------------------------  -----  ---------  --------  ----------  --------------  -------------------
/opt/airflow/dags/pipeline_bets.py                           1           0  0.25s           2026-07-16T01:07:00
================================================================================
[2026-07-16T01:07:36.289+0000] {manager.py:878} INFO - 
================================================================================
DAG File Processing Stats

File Path                           PID    Runtime      # DAGs    # Errors  Last Runtime    Last Run
----------------------------------  -----  ---------  --------  ----------  --------------  -------------------
/opt/airflow/dags/pipeline_bets.py                           1           0  0.17s           2026-07-16T01:07:30
================================================================================
[2026-07-16T01:08:06.635+0000] {manager.py:878} INFO - 
================================================================================
DAG File Processing Stats

File Path                           PID    Runtime      # DAGs    # Errors  Last Runtime    Last Run
----------------------------------  -----  ---------  --------  ----------  --------------  -------------------
/opt/airflow/dags/pipeline_bets.py                           1           0  0.40s           2026-07-16T01:08:00
================================================================================
[2026-07-16T01:08:25.739+0000] {manager.py:737} INFO - Searching for files in /opt/airflow/dags
[2026-07-16T01:08:25.755+0000] {manager.py:740} INFO - There are 1 files in /opt/airflow/dags
[2026-07-16T01:08:37.001+0000] {manager.py:878} INFO - 
================================================================================
DAG File Processing Stats

File Path                           PID    Runtime      # DAGs    # Errors  Last Runtime    Last Run
----------------------------------  -----  ---------  --------  ----------  --------------  -------------------
/opt/airflow/dags/pipeline_bets.py                           1           0  0.32s           2026-07-16T01:08:31
================================================================================
[2026-07-16T01:09:07.477+0000] {manager.py:878} INFO - 
================================================================================
DAG File Processing Stats

File Path                           PID    Runtime      # DAGs    # Errors  Last Runtime    Last Run
----------------------------------  -----  ---------  --------  ----------  --------------  -------------------
/opt/airflow/dags/pipeline_bets.py                           1           0  0.24s           2026-07-16T01:09:01
================================================================================
[2026-07-16T01:09:37.865+0000] {manager.py:878} INFO - 
================================================================================
DAG File Processing Stats

File Path                           PID    Runtime      # DAGs    # Errors  Last Runtime    Last Run
----------------------------------  -----  ---------  --------  ----------  --------------  -------------------
/opt/airflow/dags/pipeline_bets.py                           1           0  0.14s           2026-07-16T01:09:31
================================================================================
[2026-07-16T01:10:08.131+0000] {manager.py:878} INFO - 
================================================================================
DAG File Processing Stats

File Path                           PID    Runtime      # DAGs    # Errors  Last Runtime    Last Run
----------------------------------  -----  ---------  --------  ----------  --------------  -------------------
/opt/airflow/dags/pipeline_bets.py                           1           0  0.20s           2026-07-16T01:10:02
================================================================================
[2026-07-16T01:10:38.392+0000] {manager.py:878} INFO - 
================================================================================
DAG File Processing Stats

File Path                           PID    Runtime      # DAGs    # Errors  Last Runtime    Last Run
----------------------------------  -----  ---------  --------  ----------  --------------  -------------------
/opt/airflow/dags/pipeline_bets.py                           1           0  0.22s           2026-07-16T01:10:32
================================================================================
[2026-07-16T01:11:08.680+0000] {manager.py:878} INFO - 
================================================================================
DAG File Processing Stats

File Path                           PID    Runtime      # DAGs    # Errors  Last Runtime    Last Run
----------------------------------  -----  ---------  --------  ----------  --------------  -------------------
/opt/airflow/dags/pipeline_bets.py                           1           0  0.27s           2026-07-16T01:11:02
================================================================================
[2026-07-16T01:11:38.873+0000] {manager.py:878} INFO - 
================================================================================
DAG File Processing Stats

File Path                           PID    Runtime      # DAGs    # Errors  Last Runtime    Last Run
----------------------------------  -----  ---------  --------  ----------  --------------  -------------------
/opt/airflow/dags/pipeline_bets.py                           1           0  0.13s           2026-07-16T01:11:32
================================================================================
[2026-07-16T01:12:09.155+0000] {manager.py:878} INFO - 
================================================================================
DAG File Processing Stats

File Path                           PID    Runtime      # DAGs    # Errors  Last Runtime    Last Run
----------------------------------  -----  ---------  --------  ----------  --------------  -------------------
/opt/airflow/dags/pipeline_bets.py                           1           0  0.17s           2026-07-16T01:12:03
================================================================================
[2026-07-16T01:12:39.380+0000] {manager.py:878} INFO - 
================================================================================
DAG File Processing Stats

File Path                           PID    Runtime      # DAGs    # Errors  Last Runtime    Last Run
----------------------------------  -----  ---------  --------  ----------  --------------  -------------------
/opt/airflow/dags/pipeline_bets.py                           1           0  0.12s           2026-07-16T01:12:33
================================================================================
[2026-07-16T01:13:09.626+0000] {manager.py:878} INFO - 
================================================================================
DAG File Processing Stats

File Path                           PID    Runtime      # DAGs    # Errors  Last Runtime    Last Run
----------------------------------  -----  ---------  --------  ----------  --------------  -------------------
/opt/airflow/dags/pipeline_bets.py                           1           0  0.12s           2026-07-16T01:13:03
================================================================================
[2026-07-16T01:13:25.759+0000] {manager.py:737} INFO - Searching for files in /opt/airflow/dags
[2026-07-16T01:13:25.771+0000] {manager.py:740} INFO - There are 1 files in /opt/airflow/dags
[2026-07-16T01:13:39.875+0000] {manager.py:878} INFO - 
================================================================================
DAG File Processing Stats

File Path                           PID    Runtime      # DAGs    # Errors  Last Runtime    Last Run
----------------------------------  -----  ---------  --------  ----------  --------------  -------------------
/opt/airflow/dags/pipeline_bets.py                           1           0  0.19s           2026-07-16T01:13:33
================================================================================
[2026-07-16T01:14:10.167+0000] {manager.py:878} INFO - 
================================================================================
DAG File Processing Stats

File Path                           PID    Runtime      # DAGs    # Errors  Last Runtime    Last Run
----------------------------------  -----  ---------  --------  ----------  --------------  -------------------
/opt/airflow/dags/pipeline_bets.py                           1           0  0.13s           2026-07-16T01:14:04
================================================================================
[2026-07-16T01:14:40.382+0000] {manager.py:878} INFO - 
================================================================================
DAG File Processing Stats

File Path                           PID    Runtime      # DAGs    # Errors  Last Runtime    Last Run
----------------------------------  -----  ---------  --------  ----------  --------------  -------------------
/opt/airflow/dags/pipeline_bets.py                           1           0  0.17s           2026-07-16T01:14:34
================================================================================
[2026-07-16T01:15:10.656+0000] {manager.py:878} INFO - 
================================================================================
DAG File Processing Stats

File Path                           PID    Runtime      # DAGs    # Errors  Last Runtime    Last Run
----------------------------------  -----  ---------  --------  ----------  --------------  -------------------
/opt/airflow/dags/pipeline_bets.py                           1           0  0.21s           2026-07-16T01:15:04
================================================================================
[2026-07-16T01:15:40.921+0000] {manager.py:878} INFO - 
================================================================================
DAG File Processing Stats

File Path                           PID    Runtime      # DAGs    # Errors  Last Runtime    Last Run
----------------------------------  -----  ---------  --------  ----------  --------------  -------------------
/opt/airflow/dags/pipeline_bets.py                           1           0  0.13s           2026-07-16T01:15:34
================================================================================
[2026-07-16T01:16:11.131+0000] {manager.py:878} INFO - 
================================================================================
DAG File Processing Stats

File Path                           PID    Runtime      # DAGs    # Errors  Last Runtime    Last Run
----------------------------------  -----  ---------  --------  ----------  --------------  -------------------
/opt/airflow/dags/pipeline_bets.py                           1           0  0.11s           2026-07-16T01:16:05
================================================================================
[2026-07-16T01:16:41.362+0000] {manager.py:878} INFO - 
================================================================================
DAG File Processing Stats

File Path                           PID    Runtime      # DAGs    # Errors  Last Runtime    Last Run
----------------------------------  -----  ---------  --------  ----------  --------------  -------------------
/opt/airflow/dags/pipeline_bets.py                           1           0  0.13s           2026-07-16T01:16:35
================================================================================
[2026-07-16T01:17:11.592+0000] {manager.py:878} INFO - 
================================================================================
DAG File Processing Stats

File Path                           PID    Runtime      # DAGs    # Errors  Last Runtime    Last Run
----------------------------------  -----  ---------  --------  ----------  --------------  -------------------
/opt/airflow/dags/pipeline_bets.py                           1           0  0.14s           2026-07-16T01:17:05
================================================================================
[2026-07-16T01:17:41.838+0000] {manager.py:878} INFO - 
================================================================================
DAG File Processing Stats

File Path                           PID    Runtime      # DAGs    # Errors  Last Runtime    Last Run
----------------------------------  -----  ---------  --------  ----------  --------------  -------------------
/opt/airflow/dags/pipeline_bets.py                           1           0  0.13s           2026-07-16T01:17:35
================================================================================
[2026-07-16T01:18:12.066+0000] {manager.py:878} INFO - 
================================================================================
DAG File Processing Stats

File Path                           PID    Runtime      # DAGs    # Errors  Last Runtime    Last Run
----------------------------------  -----  ---------  --------  ----------  --------------  -------------------
/opt/airflow/dags/pipeline_bets.py                           1           0  0.18s           2026-07-16T01:18:06
================================================================================
[2026-07-16T01:18:26.152+0000] {manager.py:737} INFO - Searching for files in /opt/airflow/dags
[2026-07-16T01:18:26.158+0000] {manager.py:740} INFO - There are 1 files in /opt/airflow/dags
[2026-07-16T01:18:42.363+0000] {manager.py:878} INFO - 
================================================================================
DAG File Processing Stats

File Path                           PID    Runtime      # DAGs    # Errors  Last Runtime    Last Run
----------------------------------  -----  ---------  --------  ----------  --------------  -------------------
/opt/airflow/dags/pipeline_bets.py                           1           0  0.16s           2026-07-16T01:18:36
================================================================================
[2026-07-16T01:19:12.575+0000] {manager.py:878} INFO - 
================================================================================
DAG File Processing Stats

File Path                           PID    Runtime      # DAGs    # Errors  Last Runtime    Last Run
----------------------------------  -----  ---------  --------  ----------  --------------  -------------------
/opt/airflow/dags/pipeline_bets.py                           1           0  0.28s           2026-07-16T01:19:06
================================================================================
[2026-07-16T01:19:42.991+0000] {manager.py:878} INFO - 
================================================================================
DAG File Processing Stats

File Path                           PID    Runtime      # DAGs    # Errors  Last Runtime    Last Run
----------------------------------  -----  ---------  --------  ----------  --------------  -------------------
/opt/airflow/dags/pipeline_bets.py                           1           0  0.12s           2026-07-16T01:19:37
================================================================================
[2026-07-16T01:20:13.249+0000] {manager.py:878} INFO - 
================================================================================
DAG File Processing Stats

File Path                           PID    Runtime      # DAGs    # Errors  Last Runtime    Last Run
----------------------------------  -----  ---------  --------  ----------  --------------  -------------------
/opt/airflow/dags/pipeline_bets.py                           1           0  0.11s           2026-07-16T01:20:07
================================================================================
[2026-07-16T01:20:43.457+0000] {manager.py:878} INFO - 
================================================================================
DAG File Processing Stats

File Path                           PID    Runtime      # DAGs    # Errors  Last Runtime    Last Run
----------------------------------  -----  ---------  --------  ----------  --------------  -------------------
/opt/airflow/dags/pipeline_bets.py                           1           0  0.12s           2026-07-16T01:20:37
================================================================================
[2026-07-16T01:21:13.683+0000] {manager.py:878} INFO - 
================================================================================
DAG File Processing Stats

File Path                           PID    Runtime      # DAGs    # Errors  Last Runtime    Last Run
----------------------------------  -----  ---------  --------  ----------  --------------  -------------------
/opt/airflow/dags/pipeline_bets.py                           1           0  0.20s           2026-07-16T01:21:07
================================================================================
[2026-07-16T01:21:43.948+0000] {manager.py:878} INFO - 
================================================================================
DAG File Processing Stats

File Path                           PID    Runtime      # DAGs    # Errors  Last Runtime    Last Run
----------------------------------  -----  ---------  --------  ----------  --------------  -------------------
/opt/airflow/dags/pipeline_bets.py                           1           0  0.16s           2026-07-16T01:21:37
================================================================================
[2026-07-16T01:22:14.054+0000] {manager.py:878} INFO - 
================================================================================
DAG File Processing Stats

File Path                           PID    Runtime      # DAGs    # Errors  Last Runtime    Last Run
----------------------------------  -----  ---------  --------  ----------  --------------  -------------------
/opt/airflow/dags/pipeline_bets.py                           1           0  2.64s           2026-07-16T01:22:11
================================================================================
[2026-07-16T01:22:44.360+0000] {manager.py:878} INFO - 
================================================================================
DAG File Processing Stats

File Path                           PID    Runtime      # DAGs    # Errors  Last Runtime    Last Run
----------------------------------  -----  ---------  --------  ----------  --------------  -------------------
/opt/airflow/dags/pipeline_bets.py                           1           0  2.57s           2026-07-16T01:22:44
================================================================================
[2026-07-16T01:23:14.698+0000] {manager.py:878} INFO - 
================================================================================
DAG File Processing Stats

File Path                             PID  Runtime      # DAGs    # Errors  Last Runtime    Last Run
----------------------------------  -----  ---------  --------  ----------  --------------  -------------------
/opt/airflow/dags/pipeline_bets.py   1921  0.02s             1           0  2.57s           2026-07-16T01:22:44
================================================================================
[2026-07-16T01:23:26.161+0000] {manager.py:737} INFO - Searching for files in /opt/airflow/dags
[2026-07-16T01:23:26.167+0000] {manager.py:740} INFO - There are 1 files in /opt/airflow/dags
[2026-07-16T01:23:44.867+0000] {manager.py:878} INFO - 
================================================================================
DAG File Processing Stats

File Path                           PID    Runtime      # DAGs    # Errors  Last Runtime    Last Run
----------------------------------  -----  ---------  --------  ----------  --------------  -------------------
/opt/airflow/dags/pipeline_bets.py                           1           0  1.42s           2026-07-16T01:23:16
================================================================================
[2026-07-16T01:24:15.492+0000] {manager.py:878} INFO - 
================================================================================
DAG File Processing Stats

File Path                           PID    Runtime      # DAGs    # Errors  Last Runtime    Last Run
----------------------------------  -----  ---------  --------  ----------  --------------  -------------------
/opt/airflow/dags/pipeline_bets.py                           1           0  0.42s           2026-07-16T01:23:46
================================================================================
[2026-07-16T01:24:46.050+0000] {manager.py:878} INFO - 
================================================================================
DAG File Processing Stats

File Path                           PID    Runtime      # DAGs    # Errors  Last Runtime    Last Run
----------------------------------  -----  ---------  --------  ----------  --------------  -------------------
/opt/airflow/dags/pipeline_bets.py                           1           0  0.37s           2026-07-16T01:24:17
================================================================================
[2026-07-16T01:25:16.609+0000] {manager.py:878} INFO - 
================================================================================
DAG File Processing Stats

File Path                           PID    Runtime      # DAGs    # Errors  Last Runtime    Last Run
----------------------------------  -----  ---------  --------  ----------  --------------  -------------------
/opt/airflow/dags/pipeline_bets.py                           1           0  0.44s           2026-07-16T01:24:47
================================================================================
[2026-07-16T01:25:47.208+0000] {manager.py:878} INFO - 
================================================================================
DAG File Processing Stats

File Path                           PID    Runtime      # DAGs    # Errors  Last Runtime    Last Run
----------------------------------  -----  ---------  --------  ----------  --------------  -------------------
/opt/airflow/dags/pipeline_bets.py                           1           0  0.14s           2026-07-16T01:25:18
================================================================================
[2026-07-16T01:26:17.471+0000] {manager.py:878} INFO - 
================================================================================
DAG File Processing Stats

File Path                           PID    Runtime      # DAGs    # Errors  Last Runtime    Last Run
----------------------------------  -----  ---------  --------  ----------  --------------  -------------------
/opt/airflow/dags/pipeline_bets.py                           1           0  0.16s           2026-07-16T01:25:48
================================================================================
[2026-07-16T01:26:47.660+0000] {manager.py:878} INFO - 
================================================================================
DAG File Processing Stats

File Path                           PID    Runtime      # DAGs    # Errors  Last Runtime    Last Run
----------------------------------  -----  ---------  --------  ----------  --------------  -------------------
/opt/airflow/dags/pipeline_bets.py                           1           0  0.14s           2026-07-16T01:26:18
================================================================================
[2026-07-16T01:27:17.950+0000] {manager.py:878} INFO - 
================================================================================
DAG File Processing Stats

File Path                           PID    Runtime      # DAGs    # Errors  Last Runtime    Last Run
----------------------------------  -----  ---------  --------  ----------  --------------  -------------------
/opt/airflow/dags/pipeline_bets.py                           1           0  0.13s           2026-07-16T01:26:48
================================================================================
[2026-07-16T01:27:48.187+0000] {manager.py:878} INFO - 
================================================================================
DAG File Processing Stats

File Path                           PID    Runtime      # DAGs    # Errors  Last Runtime    Last Run
----------------------------------  -----  ---------  --------  ----------  --------------  -------------------
/opt/airflow/dags/pipeline_bets.py                           1           0  0.14s           2026-07-16T01:27:19
================================================================================
[2026-07-16T01:28:18.434+0000] {manager.py:878} INFO - 
================================================================================
DAG File Processing Stats

File Path                           PID    Runtime      # DAGs    # Errors  Last Runtime    Last Run
----------------------------------  -----  ---------  --------  ----------  --------------  -------------------
/opt/airflow/dags/pipeline_bets.py                           1           0  0.16s           2026-07-16T01:27:49
================================================================================
[2026-07-16T01:28:26.546+0000] {manager.py:737} INFO - Searching for files in /opt/airflow/dags
[2026-07-16T01:28:26.557+0000] {manager.py:740} INFO - There are 1 files in /opt/airflow/dags
[2026-07-16T01:28:36.794+0000] {manager.py:452} INFO - Exiting gracefully upon receiving signal 15
[2026-07-18T12:49:12.931+0000] {manager.py:470} INFO - Processing files using up to 2 processes at a time 
[2026-07-18T12:49:12.933+0000] {manager.py:471} INFO - Process each file at most once every 30 seconds
[2026-07-18T12:49:12.934+0000] {manager.py:472} INFO - Checking for new files in /opt/airflow/dags every 300 seconds
[2026-07-18T12:49:12.934+0000] {manager.py:737} INFO - Searching for files in /opt/airflow/dags
[2026-07-18T12:49:12.954+0000] {manager.py:740} INFO - There are 1 files in /opt/airflow/dags
[2026-07-18T12:49:13.825+0000] {manager.py:878} INFO - 
================================================================================
DAG File Processing Stats

File Path                             PID  Runtime      # DAGs    # Errors  Last Runtime    Last Run
----------------------------------  -----  ---------  --------  ----------  --------------  ----------
/opt/airflow/dags/pipeline_bets.py    174  0.30s             0           0
================================================================================
[2026-07-18T12:49:44.957+0000] {manager.py:878} INFO - 
================================================================================
DAG File Processing Stats

File Path                             PID  Runtime      # DAGs    # Errors  Last Runtime    Last Run
----------------------------------  -----  ---------  --------  ----------  --------------  -------------------
/opt/airflow/dags/pipeline_bets.py    198  0.07s             1           0  0.64s           2026-07-18T12:49:14
================================================================================
[2026-07-18T12:50:16.002+0000] {manager.py:878} INFO - 
================================================================================
DAG File Processing Stats

File Path                           PID    Runtime      # DAGs    # Errors  Last Runtime    Last Run
----------------------------------  -----  ---------  --------  ----------  --------------  -------------------
/opt/airflow/dags/pipeline_bets.py                           1           0  8.88s           2026-07-18T12:49:53
================================================================================
[2026-07-18T12:50:48.632+0000] {manager.py:878} INFO - 
================================================================================
DAG File Processing Stats

File Path                             PID  Runtime      # DAGs    # Errors  Last Runtime    Last Run
----------------------------------  -----  ---------  --------  ----------  --------------  -------------------
/opt/airflow/dags/pipeline_bets.py    341  22.31s            1           0  8.88s           2026-07-18T12:49:53
================================================================================
[2026-07-18T12:51:11.523+0000] {manager.py:452} INFO - Exiting gracefully upon receiving signal 15
[2026-07-18T12:51:11.523+0000] {manager.py:452} INFO - Exiting gracefully upon receiving signal 15
[2026-07-18T12:52:32.294+0000] {manager.py:470} INFO - Processing files using up to 2 processes at a time 
[2026-07-18T12:52:32.296+0000] {manager.py:471} INFO - Process each file at most once every 30 seconds
[2026-07-18T12:52:32.297+0000] {manager.py:472} INFO - Checking for new files in /opt/airflow/dags every 300 seconds
[2026-07-18T12:52:32.297+0000] {manager.py:737} INFO - Searching for files in /opt/airflow/dags
[2026-07-18T12:52:32.305+0000] {manager.py:740} INFO - There are 1 files in /opt/airflow/dags
[2026-07-18T12:52:33.070+0000] {manager.py:878} INFO - 
================================================================================
DAG File Processing Stats

File Path                             PID  Runtime      # DAGs    # Errors  Last Runtime    Last Run
----------------------------------  -----  ---------  --------  ----------  --------------  ----------
/opt/airflow/dags/pipeline_bets.py    160  0.43s             0           0
================================================================================
[2026-07-18T12:53:07.773+0000] {manager.py:878} INFO - 
================================================================================
DAG File Processing Stats

File Path                             PID  Runtime      # DAGs    # Errors  Last Runtime    Last Run
----------------------------------  -----  ---------  --------  ----------  --------------  -------------------
/opt/airflow/dags/pipeline_bets.py    276  0.09s             1           0  1.14s           2026-07-18T12:52:33
================================================================================
[2026-07-18T12:53:38.749+0000] {manager.py:878} INFO - 
================================================================================
DAG File Processing Stats

File Path                           PID    Runtime      # DAGs    # Errors  Last Runtime    Last Run
----------------------------------  -----  ---------  --------  ----------  --------------  -------------------
/opt/airflow/dags/pipeline_bets.py                           1           0  20.16s          2026-07-18T12:53:27
================================================================================
[2026-07-18T12:54:09.440+0000] {manager.py:878} INFO - 
================================================================================
DAG File Processing Stats

File Path                             PID  Runtime      # DAGs    # Errors  Last Runtime    Last Run
----------------------------------  -----  ---------  --------  ----------  --------------  -------------------
/opt/airflow/dags/pipeline_bets.py    398  10.26s            1           0  20.16s          2026-07-18T12:53:27
================================================================================
[2026-07-18T12:54:39.927+0000] {manager.py:878} INFO - 
================================================================================
DAG File Processing Stats

File Path                           PID    Runtime      # DAGs    # Errors  Last Runtime    Last Run
----------------------------------  -----  ---------  --------  ----------  --------------  -------------------
/opt/airflow/dags/pipeline_bets.py                           1           0  14.86s          2026-07-18T12:54:13
================================================================================
[2026-07-18T12:55:10.081+0000] {manager.py:878} INFO - 
================================================================================
DAG File Processing Stats

File Path                           PID    Runtime      # DAGs    # Errors  Last Runtime    Last Run
----------------------------------  -----  ---------  --------  ----------  --------------  -------------------
/opt/airflow/dags/pipeline_bets.py                           1           0  5.68s           2026-07-18T12:54:49
================================================================================
[2026-07-18T12:55:40.606+0000] {manager.py:878} INFO - 
================================================================================
DAG File Processing Stats

File Path                             PID  Runtime      # DAGs    # Errors  Last Runtime    Last Run
----------------------------------  -----  ---------  --------  ----------  --------------  -------------------
/opt/airflow/dags/pipeline_bets.py    591  20.19s            1           0  5.68s           2026-07-18T12:54:49
================================================================================
[2026-07-18T12:56:11.176+0000] {manager.py:878} INFO - 
================================================================================
DAG File Processing Stats

File Path                           PID    Runtime      # DAGs    # Errors  Last Runtime    Last Run
----------------------------------  -----  ---------  --------  ----------  --------------  -------------------
/opt/airflow/dags/pipeline_bets.py                           1           0  30.71s          2026-07-18T12:55:50
================================================================================
[2026-07-18T12:56:41.717+0000] {manager.py:878} INFO - 
================================================================================
DAG File Processing Stats

File Path                           PID    Runtime      # DAGs    # Errors  Last Runtime    Last Run
----------------------------------  -----  ---------  --------  ----------  --------------  -------------------
/opt/airflow/dags/pipeline_bets.py                           1           0  7.69s           2026-07-18T12:56:29
================================================================================
[2026-07-18T12:57:11.890+0000] {manager.py:878} INFO - 
================================================================================
DAG File Processing Stats

File Path                           PID    Runtime      # DAGs    # Errors  Last Runtime    Last Run
----------------------------------  -----  ---------  --------  ----------  --------------  -------------------
/opt/airflow/dags/pipeline_bets.py                           1           0  3.92s           2026-07-18T12:57:03
================================================================================
[2026-07-18T12:57:32.798+0000] {manager.py:737} INFO - Searching for files in /opt/airflow/dags
[2026-07-18T12:57:32.809+0000] {manager.py:740} INFO - There are 1 files in /opt/airflow/dags
[2026-07-18T12:57:42.058+0000] {manager.py:878} INFO - 
================================================================================
DAG File Processing Stats

File Path                           PID    Runtime      # DAGs    # Errors  Last Runtime    Last Run
----------------------------------  -----  ---------  --------  ----------  --------------  -------------------
/opt/airflow/dags/pipeline_bets.py                           1           0  0.99s           2026-07-18T12:57:34
================================================================================
[2026-07-18T12:58:12.280+0000] {manager.py:878} INFO - 
================================================================================
DAG File Processing Stats

File Path                           PID    Runtime      # DAGs    # Errors  Last Runtime    Last Run
----------------------------------  -----  ---------  --------  ----------  --------------  -------------------
/opt/airflow/dags/pipeline_bets.py                           1           0  2.44s           2026-07-18T12:58:07
================================================================================
[2026-07-18T12:58:42.921+0000] {manager.py:878} INFO - 
================================================================================
DAG File Processing Stats

File Path                           PID    Runtime      # DAGs    # Errors  Last Runtime    Last Run
----------------------------------  -----  ---------  --------  ----------  --------------  -------------------
/opt/airflow/dags/pipeline_bets.py                           1           0  1.51s           2026-07-18T12:58:39
================================================================================
[2026-07-18T12:59:13.057+0000] {manager.py:878} INFO - 
================================================================================
DAG File Processing Stats

File Path                             PID  Runtime      # DAGs    # Errors  Last Runtime    Last Run
----------------------------------  -----  ---------  --------  ----------  --------------  -------------------
/opt/airflow/dags/pipeline_bets.py    679  3.19s             1           0  1.51s           2026-07-18T12:58:39
================================================================================
[2026-07-18T12:59:44.064+0000] {manager.py:878} INFO - 
================================================================================
DAG File Processing Stats

File Path                           PID    Runtime      # DAGs    # Errors  Last Runtime    Last Run
----------------------------------  -----  ---------  --------  ----------  --------------  -------------------
/opt/airflow/dags/pipeline_bets.py                           1           0  4.29s           2026-07-18T12:59:14
================================================================================
[2026-07-18T13:00:14.991+0000] {manager.py:878} INFO - 
================================================================================
DAG File Processing Stats

File Path                           PID    Runtime      # DAGs    # Errors  Last Runtime    Last Run
----------------------------------  -----  ---------  --------  ----------  --------------  -------------------
/opt/airflow/dags/pipeline_bets.py                           1           0  7.66s           2026-07-18T12:59:52
================================================================================
[2026-07-18T13:00:45.276+0000] {manager.py:878} INFO - 
================================================================================
DAG File Processing Stats

File Path                           PID    Runtime      # DAGs    # Errors  Last Runtime    Last Run
----------------------------------  -----  ---------  --------  ----------  --------------  -------------------
/opt/airflow/dags/pipeline_bets.py                           1           0  4.21s           2026-07-18T13:00:27
================================================================================
[2026-07-18T13:01:16.337+0000] {manager.py:878} INFO - 
================================================================================
DAG File Processing Stats

File Path                           PID    Runtime      # DAGs    # Errors  Last Runtime    Last Run
----------------------------------  -----  ---------  --------  ----------  --------------  -------------------
/opt/airflow/dags/pipeline_bets.py                           1           0  7.18s           2026-07-18T13:01:05
================================================================================
[2026-07-18T13:01:46.648+0000] {manager.py:878} INFO - 
================================================================================
DAG File Processing Stats

File Path                           PID    Runtime      # DAGs    # Errors  Last Runtime    Last Run
----------------------------------  -----  ---------  --------  ----------  --------------  -------------------
/opt/airflow/dags/pipeline_bets.py                           1           0  7.98s           2026-07-18T13:01:43
================================================================================
[2026-07-18T13:02:17.046+0000] {manager.py:878} INFO - 
================================================================================
DAG File Processing Stats

File Path                           PID    Runtime      # DAGs    # Errors  Last Runtime    Last Run
----------------------------------  -----  ---------  --------  ----------  --------------  -------------------
/opt/airflow/dags/pipeline_bets.py                           1           0  1.73s           2026-07-18T13:02:15
================================================================================
[2026-07-18T13:02:33.128+0000] {manager.py:737} INFO - Searching for files in /opt/airflow/dags
[2026-07-18T13:02:33.154+0000] {manager.py:740} INFO - There are 1 files in /opt/airflow/dags
[2026-07-18T13:02:47.273+0000] {manager.py:878} INFO - 
================================================================================
DAG File Processing Stats

File Path                           PID    Runtime      # DAGs    # Errors  Last Runtime    Last Run
----------------------------------  -----  ---------  --------  ----------  --------------  -------------------
/opt/airflow/dags/pipeline_bets.py                           1           0  0.76s           2026-07-18T13:02:46
================================================================================
[2026-07-18T13:03:17.672+0000] {manager.py:878} INFO - 
================================================================================
DAG File Processing Stats

File Path                           PID    Runtime      # DAGs    # Errors  Last Runtime    Last Run
----------------------------------  -----  ---------  --------  ----------  --------------  -------------------
/opt/airflow/dags/pipeline_bets.py                           1           0  0.50s           2026-07-18T13:03:17
================================================================================
[2026-07-18T13:03:48.319+0000] {manager.py:878} INFO - 
================================================================================
DAG File Processing Stats

File Path                           PID    Runtime      # DAGs    # Errors  Last Runtime    Last Run
----------------------------------  -----  ---------  --------  ----------  --------------  -------------------
/opt/airflow/dags/pipeline_bets.py                           1           0  0.28s           2026-07-18T13:03:47
================================================================================
[2026-07-18T13:04:18.719+0000] {manager.py:878} INFO - 
================================================================================
DAG File Processing Stats

File Path                           PID    Runtime      # DAGs    # Errors  Last Runtime    Last Run
----------------------------------  -----  ---------  --------  ----------  --------------  -------------------
/opt/airflow/dags/pipeline_bets.py                           1           0  0.19s           2026-07-18T13:04:17
================================================================================
[2026-07-18T13:04:49.021+0000] {manager.py:878} INFO - 
================================================================================
DAG File Processing Stats

File Path                           PID    Runtime      # DAGs    # Errors  Last Runtime    Last Run
----------------------------------  -----  ---------  --------  ----------  --------------  -------------------
/opt/airflow/dags/pipeline_bets.py                           1           0  0.16s           2026-07-18T13:04:48
================================================================================
[2026-07-18T13:05:19.294+0000] {manager.py:878} INFO - 
================================================================================
DAG File Processing Stats

File Path                           PID    Runtime      # DAGs    # Errors  Last Runtime    Last Run
----------------------------------  -----  ---------  --------  ----------  --------------  -------------------
/opt/airflow/dags/pipeline_bets.py                           1           0  0.19s           2026-07-18T13:05:18
================================================================================
[2026-07-18T13:05:49.618+0000] {manager.py:878} INFO - 
================================================================================
DAG File Processing Stats

File Path                           PID    Runtime      # DAGs    # Errors  Last Runtime    Last Run
----------------------------------  -----  ---------  --------  ----------  --------------  -------------------
/opt/airflow/dags/pipeline_bets.py                           1           0  0.59s           2026-07-18T13:05:49
================================================================================
[2026-07-18T13:06:19.761+0000] {manager.py:878} INFO - 
================================================================================
DAG File Processing Stats

File Path                             PID  Runtime      # DAGs    # Errors  Last Runtime    Last Run
----------------------------------  -----  ---------  --------  ----------  --------------  -------------------
/opt/airflow/dags/pipeline_bets.py   1072  0.54s             1           0  0.59s           2026-07-18T13:05:49
================================================================================
[2026-07-18T13:06:50.357+0000] {manager.py:878} INFO - 
================================================================================
DAG File Processing Stats

File Path                             PID  Runtime      # DAGs    # Errors  Last Runtime    Last Run
----------------------------------  -----  ---------  --------  ----------  --------------  -------------------
/opt/airflow/dags/pipeline_bets.py   1077  0.26s             1           0  0.67s           2026-07-18T13:06:19
================================================================================
[2026-07-18T13:07:20.634+0000] {manager.py:878} INFO - 
================================================================================
DAG File Processing Stats

File Path                           PID    Runtime      # DAGs    # Errors  Last Runtime    Last Run
----------------------------------  -----  ---------  --------  ----------  --------------  -------------------
/opt/airflow/dags/pipeline_bets.py                           1           0  5.07s           2026-07-18T13:06:55
================================================================================
[2026-07-18T13:07:33.253+0000] {manager.py:737} INFO - Searching for files in /opt/airflow/dags
[2026-07-18T13:07:33.263+0000] {manager.py:740} INFO - There are 1 files in /opt/airflow/dags
[2026-07-18T13:07:50.799+0000] {manager.py:878} INFO - 
================================================================================
DAG File Processing Stats

File Path                           PID    Runtime      # DAGs    # Errors  Last Runtime    Last Run
----------------------------------  -----  ---------  --------  ----------  --------------  -------------------
/opt/airflow/dags/pipeline_bets.py                           1           0  0.97s           2026-07-18T13:07:26
================================================================================
[2026-07-18T13:08:21.532+0000] {manager.py:878} INFO - 
================================================================================
DAG File Processing Stats

File Path                           PID    Runtime      # DAGs    # Errors  Last Runtime    Last Run
----------------------------------  -----  ---------  --------  ----------  --------------  -------------------
/opt/airflow/dags/pipeline_bets.py                           1           0  0.25s           2026-07-18T13:07:56
================================================================================
[2026-07-18T13:11:30.081+0000] {manager.py:878} INFO - 
================================================================================
DAG File Processing Stats

File Path                           PID    Runtime      # DAGs    # Errors  Last Runtime    Last Run
----------------------------------  -----  ---------  --------  ----------  --------------  -------------------
/opt/airflow/dags/pipeline_bets.py                           1           0  3.42s           2026-07-18T13:11:20
================================================================================
[2026-07-18T13:12:00.227+0000] {manager.py:878} INFO - 
================================================================================
DAG File Processing Stats

File Path                           PID    Runtime      # DAGs    # Errors  Last Runtime    Last Run
----------------------------------  -----  ---------  --------  ----------  --------------  -------------------
/opt/airflow/dags/pipeline_bets.py                           1           0  0.20s           2026-07-18T13:11:50
================================================================================
[2026-07-18T13:12:30.574+0000] {manager.py:878} INFO - 
================================================================================
DAG File Processing Stats

File Path                           PID    Runtime      # DAGs    # Errors  Last Runtime    Last Run
----------------------------------  -----  ---------  --------  ----------  --------------  -------------------
/opt/airflow/dags/pipeline_bets.py                           1           0  0.18s           2026-07-18T13:12:20
================================================================================
[2026-07-18T13:12:33.591+0000] {manager.py:737} INFO - Searching for files in /opt/airflow/dags
[2026-07-18T13:12:33.604+0000] {manager.py:740} INFO - There are 1 files in /opt/airflow/dags
[2026-07-18T13:13:00.890+0000] {manager.py:878} INFO - 
================================================================================
DAG File Processing Stats

File Path                           PID    Runtime      # DAGs    # Errors  Last Runtime    Last Run
----------------------------------  -----  ---------  --------  ----------  --------------  -------------------
/opt/airflow/dags/pipeline_bets.py                           1           0  0.16s           2026-07-18T13:12:50
================================================================================
[2026-07-18T13:13:31.101+0000] {manager.py:878} INFO - 
================================================================================
DAG File Processing Stats

File Path                           PID    Runtime      # DAGs    # Errors  Last Runtime    Last Run
----------------------------------  -----  ---------  --------  ----------  --------------  -------------------
/opt/airflow/dags/pipeline_bets.py                           1           0  0.14s           2026-07-18T13:13:21
================================================================================
[2026-07-18T13:14:01.378+0000] {manager.py:878} INFO - 
================================================================================
DAG File Processing Stats

File Path                           PID    Runtime      # DAGs    # Errors  Last Runtime    Last Run
----------------------------------  -----  ---------  --------  ----------  --------------  -------------------
/opt/airflow/dags/pipeline_bets.py                           1           0  0.13s           2026-07-18T13:13:51
================================================================================
[2026-07-18T13:14:31.584+0000] {manager.py:878} INFO - 
================================================================================
DAG File Processing Stats

File Path                           PID    Runtime      # DAGs    # Errors  Last Runtime    Last Run
----------------------------------  -----  ---------  --------  ----------  --------------  -------------------
/opt/airflow/dags/pipeline_bets.py                           1           0  0.16s           2026-07-18T13:14:21
================================================================================
[2026-07-18T13:15:01.870+0000] {manager.py:878} INFO - 
================================================================================
DAG File Processing Stats

File Path                           PID    Runtime      # DAGs    # Errors  Last Runtime    Last Run
----------------------------------  -----  ---------  --------  ----------  --------------  -------------------
/opt/airflow/dags/pipeline_bets.py                           1           0  0.26s           2026-07-18T13:14:51
================================================================================
[2026-07-18T13:15:32.170+0000] {manager.py:878} INFO - 
================================================================================
DAG File Processing Stats

File Path                           PID    Runtime      # DAGs    # Errors  Last Runtime    Last Run
----------------------------------  -----  ---------  --------  ----------  --------------  -------------------
/opt/airflow/dags/pipeline_bets.py                           1           0  0.13s           2026-07-18T13:15:22
================================================================================
[2026-07-18T13:16:02.368+0000] {manager.py:878} INFO - 
================================================================================
DAG File Processing Stats

File Path                           PID    Runtime      # DAGs    # Errors  Last Runtime    Last Run
----------------------------------  -----  ---------  --------  ----------  --------------  -------------------
/opt/airflow/dags/pipeline_bets.py                           1           0  0.14s           2026-07-18T13:15:52
================================================================================
[2026-07-18T13:16:32.666+0000] {manager.py:878} INFO - 
================================================================================
DAG File Processing Stats

File Path                           PID    Runtime      # DAGs    # Errors  Last Runtime    Last Run
----------------------------------  -----  ---------  --------  ----------  --------------  -------------------
/opt/airflow/dags/pipeline_bets.py                           1           0  0.48s           2026-07-18T13:16:22
================================================================================
[2026-07-18T13:17:03.218+0000] {manager.py:878} INFO - 
================================================================================
DAG File Processing Stats

File Path                           PID    Runtime      # DAGs    # Errors  Last Runtime    Last Run
----------------------------------  -----  ---------  --------  ----------  --------------  -------------------
/opt/airflow/dags/pipeline_bets.py                           1           0  0.15s           2026-07-18T13:16:53
================================================================================
[2026-07-18T13:17:33.517+0000] {manager.py:878} INFO - 
================================================================================
DAG File Processing Stats

File Path                           PID    Runtime      # DAGs    # Errors  Last Runtime    Last Run
----------------------------------  -----  ---------  --------  ----------  --------------  -------------------
/opt/airflow/dags/pipeline_bets.py                           1           0  0.16s           2026-07-18T13:17:23
================================================================================
[2026-07-18T13:17:34.525+0000] {manager.py:737} INFO - Searching for files in /opt/airflow/dags
[2026-07-18T13:17:34.535+0000] {manager.py:740} INFO - There are 1 files in /opt/airflow/dags
[2026-07-18T13:18:03.735+0000] {manager.py:878} INFO - 
================================================================================
DAG File Processing Stats

File Path                           PID    Runtime      # DAGs    # Errors  Last Runtime    Last Run
----------------------------------  -----  ---------  --------  ----------  --------------  -------------------
/opt/airflow/dags/pipeline_bets.py                           1           0  0.14s           2026-07-18T13:17:53
================================================================================
[2026-07-18T13:18:33.949+0000] {manager.py:878} INFO - 
================================================================================
DAG File Processing Stats

File Path                           PID    Runtime      # DAGs    # Errors  Last Runtime    Last Run
----------------------------------  -----  ---------  --------  ----------  --------------  -------------------
/opt/airflow/dags/pipeline_bets.py                           1           0  1.00s           2026-07-18T13:18:24
================================================================================
[2026-07-18T13:19:04.181+0000] {manager.py:878} INFO - 
================================================================================
DAG File Processing Stats

File Path                           PID    Runtime      # DAGs    # Errors  Last Runtime    Last Run
----------------------------------  -----  ---------  --------  ----------  --------------  -------------------
/opt/airflow/dags/pipeline_bets.py                           1           0  0.38s           2026-07-18T13:18:55
================================================================================
[2026-07-18T13:19:34.660+0000] {manager.py:878} INFO - 
================================================================================
DAG File Processing Stats

File Path                           PID    Runtime      # DAGs    # Errors  Last Runtime    Last Run
----------------------------------  -----  ---------  --------  ----------  --------------  -------------------
/opt/airflow/dags/pipeline_bets.py                           1           0  0.23s           2026-07-18T13:19:25
================================================================================
[2026-07-18T13:20:05.026+0000] {manager.py:878} INFO - 
================================================================================
DAG File Processing Stats

File Path                           PID    Runtime      # DAGs    # Errors  Last Runtime    Last Run
----------------------------------  -----  ---------  --------  ----------  --------------  -------------------
/opt/airflow/dags/pipeline_bets.py                           1           0  0.16s           2026-07-18T13:19:56
================================================================================
[2026-07-18T13:20:35.313+0000] {manager.py:878} INFO - 
================================================================================
DAG File Processing Stats

File Path                           PID    Runtime      # DAGs    # Errors  Last Runtime    Last Run
----------------------------------  -----  ---------  --------  ----------  --------------  -------------------
/opt/airflow/dags/pipeline_bets.py                           1           0  0.13s           2026-07-18T13:20:26
================================================================================
[2026-07-18T13:21:05.516+0000] {manager.py:878} INFO - 
================================================================================
DAG File Processing Stats

File Path                           PID    Runtime      # DAGs    # Errors  Last Runtime    Last Run
----------------------------------  -----  ---------  --------  ----------  --------------  -------------------
/opt/airflow/dags/pipeline_bets.py                           1           0  0.13s           2026-07-18T13:20:56
================================================================================
[2026-07-18T13:21:35.774+0000] {manager.py:878} INFO - 
================================================================================
DAG File Processing Stats

File Path                           PID    Runtime      # DAGs    # Errors  Last Runtime    Last Run
----------------------------------  -----  ---------  --------  ----------  --------------  -------------------
/opt/airflow/dags/pipeline_bets.py                           1           0  0.14s           2026-07-18T13:21:26
================================================================================
[2026-07-18T13:22:06.052+0000] {manager.py:878} INFO - 
================================================================================
DAG File Processing Stats

File Path                           PID    Runtime      # DAGs    # Errors  Last Runtime    Last Run
----------------------------------  -----  ---------  --------  ----------  --------------  -------------------
/opt/airflow/dags/pipeline_bets.py                           1           0  3.48s           2026-07-18T13:22:00
================================================================================
[2026-07-18T13:22:34.533+0000] {manager.py:737} INFO - Searching for files in /opt/airflow/dags
[2026-07-18T13:22:34.548+0000] {manager.py:740} INFO - There are 1 files in /opt/airflow/dags
[2026-07-18T13:22:36.591+0000] {manager.py:878} INFO - 
================================================================================
DAG File Processing Stats

File Path                           PID    Runtime      # DAGs    # Errors  Last Runtime    Last Run
----------------------------------  -----  ---------  --------  ----------  --------------  -------------------
/opt/airflow/dags/pipeline_bets.py                           1           0  1.81s           2026-07-18T13:22:33
================================================================================
[2026-07-18T13:23:07.245+0000] {manager.py:878} INFO - 
================================================================================
DAG File Processing Stats

File Path                             PID  Runtime      # DAGs    # Errors  Last Runtime    Last Run
----------------------------------  -----  ---------  --------  ----------  --------------  -------------------
/opt/airflow/dags/pipeline_bets.py   1212  2.72s             1           0  1.81s           2026-07-18T13:22:33
================================================================================
[2026-07-18T13:23:37.994+0000] {manager.py:878} INFO - 
================================================================================
DAG File Processing Stats

File Path                           PID    Runtime      # DAGs    # Errors  Last Runtime    Last Run
----------------------------------  -----  ---------  --------  ----------  --------------  -------------------
/opt/airflow/dags/pipeline_bets.py                           1           0  10.89s          2026-07-18T13:23:15
================================================================================
[2026-07-18T13:24:07.508+0000] {manager.py:452} INFO - Exiting gracefully upon receiving signal 15
[2026-07-18T13:29:08.396+0000] {manager.py:470} INFO - Processing files using up to 2 processes at a time 
[2026-07-18T13:29:08.402+0000] {manager.py:471} INFO - Process each file at most once every 30 seconds
[2026-07-18T13:29:08.403+0000] {manager.py:472} INFO - Checking for new files in /opt/airflow/dags every 300 seconds
[2026-07-18T13:29:08.404+0000] {manager.py:737} INFO - Searching for files in /opt/airflow/dags
[2026-07-18T13:29:08.415+0000] {manager.py:740} INFO - There are 1 files in /opt/airflow/dags
[2026-07-18T13:29:13.557+0000] {manager.py:878} INFO - 
================================================================================
DAG File Processing Stats

File Path                             PID  Runtime      # DAGs    # Errors  Last Runtime    Last Run
----------------------------------  -----  ---------  --------  ----------  --------------  ----------
/opt/airflow/dags/pipeline_bets.py    159  1.77s             0           0
================================================================================
[2026-07-18T13:29:44.550+0000] {manager.py:878} INFO - 
================================================================================
DAG File Processing Stats

File Path                             PID  Runtime      # DAGs    # Errors  Last Runtime    Last Run
----------------------------------  -----  ---------  --------  ----------  --------------  ----------
/opt/airflow/dags/pipeline_bets.py    159  32.64s            0           0
================================================================================
[2026-07-18T13:30:02.192+0000] {manager.py:1203} ERROR - Processor for /opt/airflow/dags/pipeline_bets.py with PID 159 started at 2026-07-18T13:29:11.722580+00:00 has timed out, killing it.
[2026-07-18T13:30:15.852+0000] {manager.py:878} INFO - 
================================================================================
DAG File Processing Stats

File Path                           PID    Runtime      # DAGs    # Errors  Last Runtime    Last Run
----------------------------------  -----  ---------  --------  ----------  --------------  -------------------
/opt/airflow/dags/pipeline_bets.py                           0           1  50.44s          2026-07-18T13:30:02
================================================================================
[2026-07-18T13:30:46.168+0000] {manager.py:878} INFO - 
================================================================================
DAG File Processing Stats

File Path                           PID    Runtime      # DAGs    # Errors  Last Runtime    Last Run
----------------------------------  -----  ---------  --------  ----------  --------------  -------------------
/opt/airflow/dags/pipeline_bets.py                           1           0  7.64s           2026-07-18T13:30:40
================================================================================
[2026-07-18T13:32:22.484+0000] {manager.py:878} INFO - 
================================================================================
DAG File Processing Stats

File Path                             PID  Runtime      # DAGs    # Errors  Last Runtime    Last Run
----------------------------------  -----  ---------  --------  ----------  --------------  -------------------
/opt/airflow/dags/pipeline_bets.py    168  0.50s             1           0  7.64s           2026-07-18T13:30:40
================================================================================
[2026-07-18T13:32:53.814+0000] {manager.py:878} INFO - 
================================================================================
DAG File Processing Stats

File Path                           PID    Runtime      # DAGs    # Errors  Last Runtime    Last Run
----------------------------------  -----  ---------  --------  ----------  --------------  -------------------
/opt/airflow/dags/pipeline_bets.py                           1           0  11.41s          2026-07-18T13:32:32
================================================================================
[2026-07-18T13:33:24.436+0000] {manager.py:878} INFO - 
================================================================================
DAG File Processing Stats

File Path                           PID    Runtime      # DAGs    # Errors  Last Runtime    Last Run
----------------------------------  -----  ---------  --------  ----------  --------------  -------------------
/opt/airflow/dags/pipeline_bets.py                           1           0  2.50s           2026-07-18T13:33:05
================================================================================
[2026-07-18T13:34:05.329+0000] {manager.py:878} INFO - 
================================================================================
DAG File Processing Stats

File Path                             PID  Runtime      # DAGs    # Errors  Last Runtime    Last Run
----------------------------------  -----  ---------  --------  ----------  --------------  -------------------
/opt/airflow/dags/pipeline_bets.py    178  26.57s            1           0  2.50s           2026-07-18T13:33:05
================================================================================
[2026-07-18T13:40:38.942+0000] {manager.py:737} INFO - Searching for files in /opt/airflow/dags
[2026-07-18T13:40:40.021+0000] {manager.py:740} INFO - There are 1 files in /opt/airflow/dags
[2026-07-18T13:40:42.080+0000] {manager.py:1203} ERROR - Processor for /opt/airflow/dags/pipeline_bets.py with PID 178 started at 2026-07-18T13:33:35.613771+00:00 has timed out, killing it.
[2026-07-18T13:40:42.989+0000] {manager.py:878} INFO - 
================================================================================
DAG File Processing Stats

File Path                           PID    Runtime      # DAGs    # Errors  Last Runtime    Last Run
----------------------------------  -----  ---------  --------  ----------  --------------  -------------------
/opt/airflow/dags/pipeline_bets.py                           0           1  426.47s         2026-07-18T13:40:42
================================================================================
[2026-07-18T14:13:50.741+0000] {manager.py:878} INFO - 
================================================================================
DAG File Processing Stats

File Path                             PID  Runtime      # DAGs    # Errors  Last Runtime    Last Run
----------------------------------  -----  ---------  --------  ----------  --------------  -------------------
/opt/airflow/dags/pipeline_bets.py    181  1.10s             0           1  426.47s         2026-07-18T13:40:42
================================================================================
[2026-07-18T14:13:53.167+0000] {manager.py:737} INFO - Searching for files in /opt/airflow/dags
[2026-07-18T14:13:53.234+0000] {manager.py:740} INFO - There are 1 files in /opt/airflow/dags
[2026-07-18T14:18:49.002+0000] {manager.py:1203} ERROR - Processor for /opt/airflow/dags/pipeline_bets.py with PID 181 started at 2026-07-18T14:13:49.391342+00:00 has timed out, killing it.
[2026-07-18T14:18:50.582+0000] {manager.py:878} INFO - 
================================================================================
DAG File Processing Stats

File Path                           PID    Runtime      # DAGs    # Errors  Last Runtime    Last Run
----------------------------------  -----  ---------  --------  ----------  --------------  -------------------
/opt/airflow/dags/pipeline_bets.py                           0           1  299.03s         2026-07-18T14:18:48
================================================================================
[2026-07-18T14:18:54.486+0000] {manager.py:737} INFO - Searching for files in /opt/airflow/dags
[2026-07-18T14:18:55.398+0000] {manager.py:740} INFO - There are 1 files in /opt/airflow/dags
[2026-07-18T14:34:16.163+0000] {manager.py:470} INFO - Processing files using up to 2 processes at a time 
[2026-07-18T14:34:16.165+0000] {manager.py:471} INFO - Process each file at most once every 30 seconds
[2026-07-18T14:34:16.166+0000] {manager.py:472} INFO - Checking for new files in /opt/airflow/dags every 300 seconds
[2026-07-18T14:34:16.166+0000] {manager.py:737} INFO - Searching for files in /opt/airflow/dags
[2026-07-18T14:34:16.179+0000] {manager.py:740} INFO - There are 1 files in /opt/airflow/dags
[2026-07-18T14:34:17.154+0000] {manager.py:878} INFO - 
================================================================================
DAG File Processing Stats

File Path                             PID  Runtime      # DAGs    # Errors  Last Runtime    Last Run
----------------------------------  -----  ---------  --------  ----------  --------------  ----------
/opt/airflow/dags/pipeline_bets.py    208  0.35s             0           0
================================================================================
[2026-07-18T14:34:48.191+0000] {manager.py:878} INFO - 
================================================================================
DAG File Processing Stats

File Path                             PID  Runtime      # DAGs    # Errors  Last Runtime    Last Run
----------------------------------  -----  ---------  --------  ----------  --------------  -------------------
/opt/airflow/dags/pipeline_bets.py    214  0.04s             1           0  1.20s           2026-07-18T14:34:17
================================================================================
[2026-07-18T14:35:18.645+0000] {manager.py:878} INFO - 
================================================================================
DAG File Processing Stats

File Path                           PID    Runtime      # DAGs    # Errors  Last Runtime    Last Run
----------------------------------  -----  ---------  --------  ----------  --------------  -------------------
/opt/airflow/dags/pipeline_bets.py                           1           0  7.95s           2026-07-18T14:34:56
================================================================================
[2026-07-18T14:35:49.368+0000] {manager.py:878} INFO - 
================================================================================
DAG File Processing Stats

File Path                           PID    Runtime      # DAGs    # Errors  Last Runtime    Last Run
----------------------------------  -----  ---------  --------  ----------  --------------  -------------------
/opt/airflow/dags/pipeline_bets.py                           1           0  6.89s           2026-07-18T14:35:33
================================================================================
[2026-07-18T14:36:19.541+0000] {manager.py:878} INFO - 
================================================================================
DAG File Processing Stats

File Path                           PID    Runtime      # DAGs    # Errors  Last Runtime    Last Run
----------------------------------  -----  ---------  --------  ----------  --------------  -------------------
/opt/airflow/dags/pipeline_bets.py                           1           0  2.91s           2026-07-18T14:36:06
================================================================================
[2026-07-18T14:36:50.020+0000] {manager.py:878} INFO - 
================================================================================
DAG File Processing Stats

File Path                           PID    Runtime      # DAGs    # Errors  Last Runtime    Last Run
----------------------------------  -----  ---------  --------  ----------  --------------  -------------------
/opt/airflow/dags/pipeline_bets.py                           1           0  2.71s           2026-07-18T14:36:39
================================================================================
[2026-07-18T14:37:20.564+0000] {manager.py:878} INFO - 
================================================================================
DAG File Processing Stats

File Path                           PID    Runtime      # DAGs    # Errors  Last Runtime    Last Run
----------------------------------  -----  ---------  --------  ----------  --------------  -------------------
/opt/airflow/dags/pipeline_bets.py                           1           0  0.46s           2026-07-18T14:37:09
================================================================================
[2026-07-18T14:37:51.182+0000] {manager.py:878} INFO - 
================================================================================
DAG File Processing Stats

File Path                           PID    Runtime      # DAGs    # Errors  Last Runtime    Last Run
----------------------------------  -----  ---------  --------  ----------  --------------  -------------------
/opt/airflow/dags/pipeline_bets.py                           1           0  0.19s           2026-07-18T14:37:40
================================================================================
[2026-07-18T14:38:21.550+0000] {manager.py:878} INFO - 
================================================================================
DAG File Processing Stats

File Path                           PID    Runtime      # DAGs    # Errors  Last Runtime    Last Run
----------------------------------  -----  ---------  --------  ----------  --------------  -------------------
/opt/airflow/dags/pipeline_bets.py                           1           0  0.23s           2026-07-18T14:38:10
================================================================================
[2026-07-18T14:38:51.919+0000] {manager.py:878} INFO - 
================================================================================
DAG File Processing Stats

File Path                           PID    Runtime      # DAGs    # Errors  Last Runtime    Last Run
----------------------------------  -----  ---------  --------  ----------  --------------  -------------------
/opt/airflow/dags/pipeline_bets.py                           1           0  4.41s           2026-07-18T14:38:45
================================================================================
[2026-07-18T14:39:16.414+0000] {manager.py:737} INFO - Searching for files in /opt/airflow/dags
[2026-07-18T14:39:16.421+0000] {manager.py:740} INFO - There are 1 files in /opt/airflow/dags
[2026-07-18T14:39:22.470+0000] {manager.py:878} INFO - 
================================================================================
DAG File Processing Stats

File Path                           PID    Runtime      # DAGs    # Errors  Last Runtime    Last Run
----------------------------------  -----  ---------  --------  ----------  --------------  -------------------
/opt/airflow/dags/pipeline_bets.py                           1           0  0.42s           2026-07-18T14:39:15
================================================================================
[2026-07-18T14:39:53.041+0000] {manager.py:878} INFO - 
================================================================================
DAG File Processing Stats

File Path                           PID    Runtime      # DAGs    # Errors  Last Runtime    Last Run
----------------------------------  -----  ---------  --------  ----------  --------------  -------------------
/opt/airflow/dags/pipeline_bets.py                           1           0  0.43s           2026-07-18T14:39:46
================================================================================
[2026-07-18T14:40:24.018+0000] {manager.py:878} INFO - 
================================================================================
DAG File Processing Stats

File Path                           PID    Runtime      # DAGs    # Errors  Last Runtime    Last Run
----------------------------------  -----  ---------  --------  ----------  --------------  -------------------
/opt/airflow/dags/pipeline_bets.py                           1           0  2.33s           2026-07-18T14:40:18
================================================================================
[2026-07-18T14:40:54.182+0000] {manager.py:878} INFO - 
================================================================================
DAG File Processing Stats

File Path                           PID    Runtime      # DAGs    # Errors  Last Runtime    Last Run
----------------------------------  -----  ---------  --------  ----------  --------------  -------------------
/opt/airflow/dags/pipeline_bets.py                           1           0  0.39s           2026-07-18T14:40:49
================================================================================
[2026-07-18T14:41:24.720+0000] {manager.py:878} INFO - 
================================================================================
DAG File Processing Stats

File Path                           PID    Runtime      # DAGs    # Errors  Last Runtime    Last Run
----------------------------------  -----  ---------  --------  ----------  --------------  -------------------
/opt/airflow/dags/pipeline_bets.py                           1           0  0.17s           2026-07-18T14:41:19
================================================================================
[2026-07-18T14:41:55.038+0000] {manager.py:878} INFO - 
================================================================================
DAG File Processing Stats

File Path                           PID    Runtime      # DAGs    # Errors  Last Runtime    Last Run
----------------------------------  -----  ---------  --------  ----------  --------------  -------------------
/opt/airflow/dags/pipeline_bets.py                           1           0  0.19s           2026-07-18T14:41:50
================================================================================
[2026-07-18T14:42:25.249+0000] {manager.py:878} INFO - 
================================================================================
DAG File Processing Stats

File Path                           PID    Runtime      # DAGs    # Errors  Last Runtime    Last Run
----------------------------------  -----  ---------  --------  ----------  --------------  -------------------
/opt/airflow/dags/pipeline_bets.py                           1           0  0.26s           2026-07-18T14:42:20
================================================================================
[2026-07-18T14:42:55.666+0000] {manager.py:878} INFO - 
================================================================================
DAG File Processing Stats

File Path                           PID    Runtime      # DAGs    # Errors  Last Runtime    Last Run
----------------------------------  -----  ---------  --------  ----------  --------------  -------------------
/opt/airflow/dags/pipeline_bets.py                           1           0  0.19s           2026-07-18T14:42:50
================================================================================
[2026-07-18T14:43:25.994+0000] {manager.py:878} INFO - 
================================================================================
DAG File Processing Stats

File Path                           PID    Runtime      # DAGs    # Errors  Last Runtime    Last Run
----------------------------------  -----  ---------  --------  ----------  --------------  -------------------
/opt/airflow/dags/pipeline_bets.py                           1           0  0.30s           2026-07-18T14:43:21
================================================================================
[2026-07-18T14:43:56.450+0000] {manager.py:878} INFO - 
================================================================================
DAG File Processing Stats

File Path                           PID    Runtime      # DAGs    # Errors  Last Runtime    Last Run
----------------------------------  -----  ---------  --------  ----------  --------------  -------------------
/opt/airflow/dags/pipeline_bets.py                           1           0  0.17s           2026-07-18T14:43:51
================================================================================
[2026-07-18T14:44:16.561+0000] {manager.py:737} INFO - Searching for files in /opt/airflow/dags
[2026-07-18T14:44:16.569+0000] {manager.py:740} INFO - There are 1 files in /opt/airflow/dags
[2026-07-18T14:44:26.756+0000] {manager.py:878} INFO - 
================================================================================
DAG File Processing Stats

File Path                           PID    Runtime      # DAGs    # Errors  Last Runtime    Last Run
----------------------------------  -----  ---------  --------  ----------  --------------  -------------------
/opt/airflow/dags/pipeline_bets.py                           1           0  0.18s           2026-07-18T14:44:21
================================================================================
[2026-07-18T14:44:56.983+0000] {manager.py:878} INFO - 
================================================================================
DAG File Processing Stats

File Path                           PID    Runtime      # DAGs    # Errors  Last Runtime    Last Run
----------------------------------  -----  ---------  --------  ----------  --------------  -------------------
/opt/airflow/dags/pipeline_bets.py                           1           0  0.25s           2026-07-18T14:44:52
================================================================================
[2026-07-18T14:45:27.351+0000] {manager.py:878} INFO - 
================================================================================
DAG File Processing Stats

File Path                           PID    Runtime      # DAGs    # Errors  Last Runtime    Last Run
----------------------------------  -----  ---------  --------  ----------  --------------  -------------------
/opt/airflow/dags/pipeline_bets.py                           1           0  0.15s           2026-07-18T14:45:22
================================================================================
[2026-07-18T14:45:57.629+0000] {manager.py:878} INFO - 
================================================================================
DAG File Processing Stats

File Path                           PID    Runtime      # DAGs    # Errors  Last Runtime    Last Run
----------------------------------  -----  ---------  --------  ----------  --------------  -------------------
/opt/airflow/dags/pipeline_bets.py                           1           0  0.13s           2026-07-18T14:45:52
================================================================================
[2026-07-18T14:46:27.812+0000] {manager.py:878} INFO - 
================================================================================
DAG File Processing Stats

File Path                           PID    Runtime      # DAGs    # Errors  Last Runtime    Last Run
----------------------------------  -----  ---------  --------  ----------  --------------  -------------------
/opt/airflow/dags/pipeline_bets.py                           1           0  0.28s           2026-07-18T14:46:23
================================================================================
[2026-07-18T14:46:58.227+0000] {manager.py:878} INFO - 
================================================================================
DAG File Processing Stats

File Path                           PID    Runtime      # DAGs    # Errors  Last Runtime    Last Run
----------------------------------  -----  ---------  --------  ----------  --------------  -------------------
/opt/airflow/dags/pipeline_bets.py                           1           0  0.14s           2026-07-18T14:46:53
================================================================================
[2026-07-18T14:47:28.522+0000] {manager.py:878} INFO - 
================================================================================
DAG File Processing Stats

File Path                           PID    Runtime      # DAGs    # Errors  Last Runtime    Last Run
----------------------------------  -----  ---------  --------  ----------  --------------  -------------------
/opt/airflow/dags/pipeline_bets.py                           1           0  0.17s           2026-07-18T14:47:23
================================================================================
[2026-07-18T14:47:58.755+0000] {manager.py:878} INFO - 
================================================================================
DAG File Processing Stats

File Path                           PID    Runtime      # DAGs    # Errors  Last Runtime    Last Run
----------------------------------  -----  ---------  --------  ----------  --------------  -------------------
/opt/airflow/dags/pipeline_bets.py                           1           0  0.15s           2026-07-18T14:47:53
================================================================================
[2026-07-18T14:48:29.022+0000] {manager.py:878} INFO - 
================================================================================
DAG File Processing Stats

File Path                           PID    Runtime      # DAGs    # Errors  Last Runtime    Last Run
----------------------------------  -----  ---------  --------  ----------  --------------  -------------------
/opt/airflow/dags/pipeline_bets.py                           1           0  0.13s           2026-07-18T14:48:24
================================================================================
[2026-07-18T14:48:59.236+0000] {manager.py:878} INFO - 
================================================================================
DAG File Processing Stats

File Path                           PID    Runtime      # DAGs    # Errors  Last Runtime    Last Run
----------------------------------  -----  ---------  --------  ----------  --------------  -------------------
/opt/airflow/dags/pipeline_bets.py                           1           0  0.12s           2026-07-18T14:48:54
================================================================================
[2026-07-18T14:49:17.347+0000] {manager.py:737} INFO - Searching for files in /opt/airflow/dags
[2026-07-18T14:49:17.358+0000] {manager.py:740} INFO - There are 1 files in /opt/airflow/dags
[2026-07-18T14:49:29.500+0000] {manager.py:878} INFO - 
================================================================================
DAG File Processing Stats

File Path                           PID    Runtime      # DAGs    # Errors  Last Runtime    Last Run
----------------------------------  -----  ---------  --------  ----------  --------------  -------------------
/opt/airflow/dags/pipeline_bets.py                           1           0  0.13s           2026-07-18T14:49:24
================================================================================
[2026-07-18T15:02:05.991+0000] {manager.py:737} INFO - Searching for files in /opt/airflow/dags
[2026-07-18T15:02:06.029+0000] {manager.py:740} INFO - There are 1 files in /opt/airflow/dags
[2026-07-18T15:02:17.481+0000] {manager.py:878} INFO - 
================================================================================
DAG File Processing Stats

File Path                           PID    Runtime      # DAGs    # Errors  Last Runtime    Last Run
----------------------------------  -----  ---------  --------  ----------  --------------  -------------------
/opt/airflow/dags/pipeline_bets.py                           1           0  3.47s           2026-07-18T15:02:09
================================================================================
[2026-07-18T15:02:47.746+0000] {manager.py:878} INFO - 
================================================================================
DAG File Processing Stats

File Path                           PID    Runtime      # DAGs    # Errors  Last Runtime    Last Run
----------------------------------  -----  ---------  --------  ----------  --------------  -------------------
/opt/airflow/dags/pipeline_bets.py                           1           0  0.92s           2026-07-18T15:02:40
================================================================================
[2026-07-18T15:03:17.987+0000] {manager.py:878} INFO - 
================================================================================
DAG File Processing Stats

File Path                           PID    Runtime      # DAGs    # Errors  Last Runtime    Last Run
----------------------------------  -----  ---------  --------  ----------  --------------  -------------------
/opt/airflow/dags/pipeline_bets.py                           1           0  0.14s           2026-07-18T15:03:11
================================================================================
[2026-07-18T15:03:48.199+0000] {manager.py:878} INFO - 
================================================================================
DAG File Processing Stats

File Path                           PID    Runtime      # DAGs    # Errors  Last Runtime    Last Run
----------------------------------  -----  ---------  --------  ----------  --------------  -------------------
/opt/airflow/dags/pipeline_bets.py                           1           0  0.16s           2026-07-18T15:03:41
================================================================================
[2026-07-18T15:04:18.469+0000] {manager.py:878} INFO - 
================================================================================
DAG File Processing Stats

File Path                           PID    Runtime      # DAGs    # Errors  Last Runtime    Last Run
----------------------------------  -----  ---------  --------  ----------  --------------  -------------------
/opt/airflow/dags/pipeline_bets.py                           1           0  0.15s           2026-07-18T15:04:11
================================================================================
[2026-07-18T15:04:48.676+0000] {manager.py:878} INFO - 
================================================================================
DAG File Processing Stats

File Path                           PID    Runtime      # DAGs    # Errors  Last Runtime    Last Run
----------------------------------  -----  ---------  --------  ----------  --------------  -------------------
/opt/airflow/dags/pipeline_bets.py                           1           0  0.13s           2026-07-18T15:04:41
================================================================================
[2026-07-18T15:05:18.948+0000] {manager.py:878} INFO - 
================================================================================
DAG File Processing Stats

File Path                           PID    Runtime      # DAGs    # Errors  Last Runtime    Last Run
----------------------------------  -----  ---------  --------  ----------  --------------  -------------------
/opt/airflow/dags/pipeline_bets.py                           1           0  0.14s           2026-07-18T15:05:11
================================================================================
[2026-07-18T15:05:49.172+0000] {manager.py:878} INFO - 
================================================================================
DAG File Processing Stats

File Path                           PID    Runtime      # DAGs    # Errors  Last Runtime    Last Run
----------------------------------  -----  ---------  --------  ----------  --------------  -------------------
/opt/airflow/dags/pipeline_bets.py                           1           0  0.20s           2026-07-18T15:05:42
================================================================================
[2026-07-18T15:06:19.487+0000] {manager.py:878} INFO - 
================================================================================
DAG File Processing Stats

File Path                           PID    Runtime      # DAGs    # Errors  Last Runtime    Last Run
----------------------------------  -----  ---------  --------  ----------  --------------  -------------------
/opt/airflow/dags/pipeline_bets.py                           1           0  0.13s           2026-07-18T15:06:12
================================================================================
[2026-07-18T15:06:49.695+0000] {manager.py:878} INFO - 
================================================================================
DAG File Processing Stats

File Path                           PID    Runtime      # DAGs    # Errors  Last Runtime    Last Run
----------------------------------  -----  ---------  --------  ----------  --------------  -------------------
/opt/airflow/dags/pipeline_bets.py                           1           0  0.13s           2026-07-18T15:06:42
================================================================================
[2026-07-18T15:07:06.788+0000] {manager.py:737} INFO - Searching for files in /opt/airflow/dags
[2026-07-18T15:07:06.796+0000] {manager.py:740} INFO - There are 1 files in /opt/airflow/dags
[2026-07-18T15:07:19.979+0000] {manager.py:878} INFO - 
================================================================================
DAG File Processing Stats

File Path                           PID    Runtime      # DAGs    # Errors  Last Runtime    Last Run
----------------------------------  -----  ---------  --------  ----------  --------------  -------------------
/opt/airflow/dags/pipeline_bets.py                           1           0  0.14s           2026-07-18T15:07:12
================================================================================
[2026-07-18T15:10:48.230+0000] {manager.py:878} INFO - 
================================================================================
DAG File Processing Stats

File Path                           PID    Runtime      # DAGs    # Errors  Last Runtime    Last Run
----------------------------------  -----  ---------  --------  ----------  --------------  -------------------
/opt/airflow/dags/pipeline_bets.py                           1           0  0.80s           2026-07-18T15:10:19
================================================================================
[2026-07-18T15:11:18.425+0000] {manager.py:878} INFO - 
================================================================================
DAG File Processing Stats

File Path                           PID    Runtime      # DAGs    # Errors  Last Runtime    Last Run
----------------------------------  -----  ---------  --------  ----------  --------------  -------------------
/opt/airflow/dags/pipeline_bets.py                           1           0  0.26s           2026-07-18T15:10:50
================================================================================
[2026-07-18T15:11:48.640+0000] {manager.py:878} INFO - 
================================================================================
DAG File Processing Stats

File Path                           PID    Runtime      # DAGs    # Errors  Last Runtime    Last Run
----------------------------------  -----  ---------  --------  ----------  --------------  -------------------
/opt/airflow/dags/pipeline_bets.py                           1           0  0.14s           2026-07-18T15:11:20
================================================================================
[2026-07-18T15:12:06.874+0000] {manager.py:737} INFO - Searching for files in /opt/airflow/dags
[2026-07-18T15:12:06.891+0000] {manager.py:740} INFO - There are 1 files in /opt/airflow/dags
[2026-07-18T15:12:19.015+0000] {manager.py:878} INFO - 
================================================================================
DAG File Processing Stats

File Path                           PID    Runtime      # DAGs    # Errors  Last Runtime    Last Run
----------------------------------  -----  ---------  --------  ----------  --------------  -------------------
/opt/airflow/dags/pipeline_bets.py                           1           0  0.16s           2026-07-18T15:11:50
================================================================================
[2026-07-18T15:12:49.292+0000] {manager.py:878} INFO - 
================================================================================
DAG File Processing Stats

File Path                           PID    Runtime      # DAGs    # Errors  Last Runtime    Last Run
----------------------------------  -----  ---------  --------  ----------  --------------  -------------------
/opt/airflow/dags/pipeline_bets.py                           1           0  0.33s           2026-07-18T15:12:21
================================================================================
[2026-07-18T15:13:19.747+0000] {manager.py:878} INFO - 
================================================================================
DAG File Processing Stats

File Path                           PID    Runtime      # DAGs    # Errors  Last Runtime    Last Run
----------------------------------  -----  ---------  --------  ----------  --------------  -------------------
/opt/airflow/dags/pipeline_bets.py                           1           0  0.50s           2026-07-18T15:12:52
================================================================================
[2026-07-18T15:13:50.391+0000] {manager.py:878} INFO - 
================================================================================
DAG File Processing Stats

File Path                           PID    Runtime      # DAGs    # Errors  Last Runtime    Last Run
----------------------------------  -----  ---------  --------  ----------  --------------  -------------------
/opt/airflow/dags/pipeline_bets.py                           1           0  0.17s           2026-07-18T15:13:22
================================================================================
[2026-07-18T15:14:20.742+0000] {manager.py:878} INFO - 
================================================================================
DAG File Processing Stats

File Path                           PID    Runtime      # DAGs    # Errors  Last Runtime    Last Run
----------------------------------  -----  ---------  --------  ----------  --------------  -------------------
/opt/airflow/dags/pipeline_bets.py                           1           0  1.35s           2026-07-18T15:13:53
================================================================================
[2026-07-18T15:14:51.042+0000] {manager.py:878} INFO - 
================================================================================
DAG File Processing Stats

File Path                           PID    Runtime      # DAGs    # Errors  Last Runtime    Last Run
----------------------------------  -----  ---------  --------  ----------  --------------  -------------------
/opt/airflow/dags/pipeline_bets.py                           1           0  0.18s           2026-07-18T15:14:23
================================================================================
[2026-07-18T15:15:21.242+0000] {manager.py:878} INFO - 
================================================================================
DAG File Processing Stats

File Path                           PID    Runtime      # DAGs    # Errors  Last Runtime    Last Run
----------------------------------  -----  ---------  --------  ----------  --------------  -------------------
/opt/airflow/dags/pipeline_bets.py                           1           0  0.13s           2026-07-18T15:14:54
================================================================================
[2026-07-18T15:15:51.513+0000] {manager.py:878} INFO - 
================================================================================
DAG File Processing Stats

File Path                           PID    Runtime      # DAGs    # Errors  Last Runtime    Last Run
----------------------------------  -----  ---------  --------  ----------  --------------  -------------------
/opt/airflow/dags/pipeline_bets.py                           1           0  0.16s           2026-07-18T15:15:24
================================================================================
[2026-07-18T15:16:21.745+0000] {manager.py:878} INFO - 
================================================================================
DAG File Processing Stats

File Path                           PID    Runtime      # DAGs    # Errors  Last Runtime    Last Run
----------------------------------  -----  ---------  --------  ----------  --------------  -------------------
/opt/airflow/dags/pipeline_bets.py                           1           0  0.12s           2026-07-18T15:15:54
================================================================================
[2026-07-18T15:16:51.974+0000] {manager.py:878} INFO - 
================================================================================
DAG File Processing Stats

File Path                           PID    Runtime      # DAGs    # Errors  Last Runtime    Last Run
----------------------------------  -----  ---------  --------  ----------  --------------  -------------------
/opt/airflow/dags/pipeline_bets.py                           1           0  0.12s           2026-07-18T15:16:24
================================================================================
[2026-07-18T15:17:07.093+0000] {manager.py:737} INFO - Searching for files in /opt/airflow/dags
[2026-07-18T15:17:07.103+0000] {manager.py:740} INFO - There are 1 files in /opt/airflow/dags
[2026-07-18T15:17:22.216+0000] {manager.py:878} INFO - 
================================================================================
DAG File Processing Stats

File Path                           PID    Runtime      # DAGs    # Errors  Last Runtime    Last Run
----------------------------------  -----  ---------  --------  ----------  --------------  -------------------
/opt/airflow/dags/pipeline_bets.py                           1           0  0.16s           2026-07-18T15:16:55
================================================================================
[2026-07-18T15:17:52.452+0000] {manager.py:878} INFO - 
================================================================================
DAG File Processing Stats

File Path                           PID    Runtime      # DAGs    # Errors  Last Runtime    Last Run
----------------------------------  -----  ---------  --------  ----------  --------------  -------------------
/opt/airflow/dags/pipeline_bets.py                           1           0  0.13s           2026-07-18T15:17:25
================================================================================
[2026-07-18T15:19:08.922+0000] {manager.py:878} INFO - 
================================================================================
DAG File Processing Stats

File Path                           PID    Runtime      # DAGs    # Errors  Last Runtime    Last Run
----------------------------------  -----  ---------  --------  ----------  --------------  -------------------
/opt/airflow/dags/pipeline_bets.py                           1           0  1.42s           2026-07-18T15:18:43
================================================================================
[2026-07-18T15:19:39.459+0000] {manager.py:878} INFO - 
================================================================================
DAG File Processing Stats

File Path                           PID    Runtime      # DAGs    # Errors  Last Runtime    Last Run
----------------------------------  -----  ---------  --------  ----------  --------------  -------------------
/opt/airflow/dags/pipeline_bets.py                           1           0  0.16s           2026-07-18T15:19:13
================================================================================
[2026-07-18T15:20:09.757+0000] {manager.py:878} INFO - 
================================================================================
DAG File Processing Stats

File Path                           PID    Runtime      # DAGs    # Errors  Last Runtime    Last Run
----------------------------------  -----  ---------  --------  ----------  --------------  -------------------
/opt/airflow/dags/pipeline_bets.py                           1           0  0.37s           2026-07-18T15:19:43
================================================================================
[2026-07-18T15:20:40.182+0000] {manager.py:878} INFO - 
================================================================================
DAG File Processing Stats

File Path                           PID    Runtime      # DAGs    # Errors  Last Runtime    Last Run
----------------------------------  -----  ---------  --------  ----------  --------------  -------------------
/opt/airflow/dags/pipeline_bets.py                           1           0  0.13s           2026-07-18T15:20:14
================================================================================
[2026-07-18T15:21:10.428+0000] {manager.py:878} INFO - 
================================================================================
DAG File Processing Stats

File Path                           PID    Runtime      # DAGs    # Errors  Last Runtime    Last Run
----------------------------------  -----  ---------  --------  ----------  --------------  -------------------
/opt/airflow/dags/pipeline_bets.py                           1           0  0.12s           2026-07-18T15:20:44
================================================================================
[2026-07-18T15:21:40.615+0000] {manager.py:878} INFO - 
================================================================================
DAG File Processing Stats

File Path                           PID    Runtime      # DAGs    # Errors  Last Runtime    Last Run
----------------------------------  -----  ---------  --------  ----------  --------------  -------------------
/opt/airflow/dags/pipeline_bets.py                           1           0  0.12s           2026-07-18T15:21:14
================================================================================
[2026-07-18T15:22:07.848+0000] {manager.py:737} INFO - Searching for files in /opt/airflow/dags
[2026-07-18T15:22:07.854+0000] {manager.py:740} INFO - There are 1 files in /opt/airflow/dags
[2026-07-18T15:22:10.887+0000] {manager.py:878} INFO - 
================================================================================
DAG File Processing Stats

File Path                           PID    Runtime      # DAGs    # Errors  Last Runtime    Last Run
----------------------------------  -----  ---------  --------  ----------  --------------  -------------------
/opt/airflow/dags/pipeline_bets.py                           1           0  0.12s           2026-07-18T15:21:44
================================================================================
[2026-07-18T15:48:31.454+0000] {manager.py:737} INFO - Searching for files in /opt/airflow/dags
[2026-07-18T15:48:31.556+0000] {manager.py:740} INFO - There are 1 files in /opt/airflow/dags
[2026-07-18T16:08:19.034+0000] {manager.py:737} INFO - Searching for files in /opt/airflow/dags
[2026-07-18T16:08:19.041+0000] {manager.py:740} INFO - There are 1 files in /opt/airflow/dags
[2026-07-18T16:08:34.317+0000] {manager.py:878} INFO - 
================================================================================
DAG File Processing Stats

File Path                           PID    Runtime      # DAGs    # Errors  Last Runtime    Last Run
----------------------------------  -----  ---------  --------  ----------  --------------  -------------------
/opt/airflow/dags/pipeline_bets.py                           1           0  2.38s           2026-07-18T16:08:21
================================================================================
[2026-07-18T16:09:04.783+0000] {manager.py:878} INFO - 
================================================================================
DAG File Processing Stats

File Path                           PID    Runtime      # DAGs    # Errors  Last Runtime    Last Run
----------------------------------  -----  ---------  --------  ----------  --------------  -------------------
/opt/airflow/dags/pipeline_bets.py                           1           0  0.26s           2026-07-18T16:08:51
================================================================================
[2026-07-18T16:09:35.193+0000] {manager.py:878} INFO - 
================================================================================
DAG File Processing Stats

File Path                           PID    Runtime      # DAGs    # Errors  Last Runtime    Last Run
----------------------------------  -----  ---------  --------  ----------  --------------  -------------------
/opt/airflow/dags/pipeline_bets.py                           1           0  0.13s           2026-07-18T16:09:22
================================================================================
[2026-07-18T16:10:05.430+0000] {manager.py:878} INFO - 
================================================================================
DAG File Processing Stats

File Path                           PID    Runtime      # DAGs    # Errors  Last Runtime    Last Run
----------------------------------  -----  ---------  --------  ----------  --------------  -------------------
/opt/airflow/dags/pipeline_bets.py                           1           0  0.18s           2026-07-18T16:09:52
================================================================================
[2026-07-18T16:10:35.611+0000] {manager.py:878} INFO - 
================================================================================
DAG File Processing Stats

File Path                           PID    Runtime      # DAGs    # Errors  Last Runtime    Last Run
----------------------------------  -----  ---------  --------  ----------  --------------  -------------------
/opt/airflow/dags/pipeline_bets.py                           1           0  0.19s           2026-07-18T16:10:22
================================================================================
[2026-07-18T16:11:05.841+0000] {manager.py:878} INFO - 
================================================================================
DAG File Processing Stats

File Path                           PID    Runtime      # DAGs    # Errors  Last Runtime    Last Run
----------------------------------  -----  ---------  --------  ----------  --------------  -------------------
/opt/airflow/dags/pipeline_bets.py                           1           0  1.95s           2026-07-18T16:10:54
================================================================================
[2026-07-18T16:11:35.941+0000] {manager.py:878} INFO - 
================================================================================
DAG File Processing Stats

File Path                           PID    Runtime      # DAGs    # Errors  Last Runtime    Last Run
----------------------------------  -----  ---------  --------  ----------  --------------  -------------------
/opt/airflow/dags/pipeline_bets.py                           1           0  3.37s           2026-07-18T16:11:28
================================================================================
[2026-07-18T16:12:06.189+0000] {manager.py:878} INFO - 
================================================================================
DAG File Processing Stats

File Path                           PID    Runtime      # DAGs    # Errors  Last Runtime    Last Run
----------------------------------  -----  ---------  --------  ----------  --------------  -------------------
/opt/airflow/dags/pipeline_bets.py                           1           0  1.61s           2026-07-18T16:12:00
================================================================================
[2026-07-18T16:12:36.584+0000] {manager.py:878} INFO - 
================================================================================
DAG File Processing Stats

File Path                           PID    Runtime      # DAGs    # Errors  Last Runtime    Last Run
----------------------------------  -----  ---------  --------  ----------  --------------  -------------------
/opt/airflow/dags/pipeline_bets.py                           1           0  0.23s           2026-07-18T16:12:30
================================================================================
[2026-07-18T16:13:06.908+0000] {manager.py:878} INFO - 
================================================================================
DAG File Processing Stats

File Path                           PID    Runtime      # DAGs    # Errors  Last Runtime    Last Run
----------------------------------  -----  ---------  --------  ----------  --------------  -------------------
/opt/airflow/dags/pipeline_bets.py                           1           0  0.30s           2026-07-18T16:13:01
================================================================================
[2026-07-18T16:13:19.234+0000] {manager.py:737} INFO - Searching for files in /opt/airflow/dags
[2026-07-18T16:13:19.250+0000] {manager.py:740} INFO - There are 1 files in /opt/airflow/dags
[2026-07-18T16:13:37.376+0000] {manager.py:878} INFO - 
================================================================================
DAG File Processing Stats

File Path                           PID    Runtime      # DAGs    # Errors  Last Runtime    Last Run
----------------------------------  -----  ---------  --------  ----------  --------------  -------------------
/opt/airflow/dags/pipeline_bets.py                           1           0  0.22s           2026-07-18T16:13:31
================================================================================
[2026-07-18T16:14:07.729+0000] {manager.py:878} INFO - 
================================================================================
DAG File Processing Stats

File Path                           PID    Runtime      # DAGs    # Errors  Last Runtime    Last Run
----------------------------------  -----  ---------  --------  ----------  --------------  -------------------
/opt/airflow/dags/pipeline_bets.py                           1           0  0.37s           2026-07-18T16:14:02
================================================================================
[2026-07-18T16:14:38.251+0000] {manager.py:878} INFO - 
================================================================================
DAG File Processing Stats

File Path                           PID    Runtime      # DAGs    # Errors  Last Runtime    Last Run
----------------------------------  -----  ---------  --------  ----------  --------------  -------------------
/opt/airflow/dags/pipeline_bets.py                           1           0  0.22s           2026-07-18T16:14:32
================================================================================
[2026-07-18T16:15:08.542+0000] {manager.py:878} INFO - 
================================================================================
DAG File Processing Stats

File Path                           PID    Runtime      # DAGs    # Errors  Last Runtime    Last Run
----------------------------------  -----  ---------  --------  ----------  --------------  -------------------
/opt/airflow/dags/pipeline_bets.py                           1           0  0.43s           2026-07-18T16:15:02
================================================================================
[2026-07-18T16:15:39.092+0000] {manager.py:878} INFO - 
================================================================================
DAG File Processing Stats

File Path                           PID    Runtime      # DAGs    # Errors  Last Runtime    Last Run
----------------------------------  -----  ---------  --------  ----------  --------------  -------------------
/opt/airflow/dags/pipeline_bets.py                           1           0  0.16s           2026-07-18T16:15:33
================================================================================
[2026-07-18T16:16:09.214+0000] {manager.py:878} INFO - 
================================================================================
DAG File Processing Stats

File Path                           PID    Runtime      # DAGs    # Errors  Last Runtime    Last Run
----------------------------------  -----  ---------  --------  ----------  --------------  -------------------
/opt/airflow/dags/pipeline_bets.py                           1           0  1.87s           2026-07-18T16:16:05
================================================================================
[2026-07-18T16:16:39.361+0000] {manager.py:878} INFO - 
================================================================================
DAG File Processing Stats

File Path                           PID    Runtime      # DAGs    # Errors  Last Runtime    Last Run
----------------------------------  -----  ---------  --------  ----------  --------------  -------------------
/opt/airflow/dags/pipeline_bets.py                           1           0  0.68s           2026-07-18T16:16:36
================================================================================
[2026-07-18T16:17:09.530+0000] {manager.py:878} INFO - 
================================================================================
DAG File Processing Stats

File Path                           PID    Runtime      # DAGs    # Errors  Last Runtime    Last Run
----------------------------------  -----  ---------  --------  ----------  --------------  -------------------
/opt/airflow/dags/pipeline_bets.py                           1           0  0.36s           2026-07-18T16:17:06
================================================================================
[2026-07-18T16:17:40.043+0000] {manager.py:878} INFO - 
================================================================================
DAG File Processing Stats

File Path                           PID    Runtime      # DAGs    # Errors  Last Runtime    Last Run
----------------------------------  -----  ---------  --------  ----------  --------------  -------------------
/opt/airflow/dags/pipeline_bets.py                           1           0  0.14s           2026-07-18T16:17:37
================================================================================
[2026-07-18T16:18:10.327+0000] {manager.py:878} INFO - 
================================================================================
DAG File Processing Stats

File Path                           PID    Runtime      # DAGs    # Errors  Last Runtime    Last Run
----------------------------------  -----  ---------  --------  ----------  --------------  -------------------
/opt/airflow/dags/pipeline_bets.py                           1           0  0.19s           2026-07-18T16:18:07
================================================================================
[2026-07-18T16:18:19.382+0000] {manager.py:737} INFO - Searching for files in /opt/airflow/dags
[2026-07-18T16:18:19.391+0000] {manager.py:740} INFO - There are 1 files in /opt/airflow/dags
[2026-07-18T16:18:40.583+0000] {manager.py:878} INFO - 
================================================================================
DAG File Processing Stats

File Path                           PID    Runtime      # DAGs    # Errors  Last Runtime    Last Run
----------------------------------  -----  ---------  --------  ----------  --------------  -------------------
/opt/airflow/dags/pipeline_bets.py                           1           0  0.14s           2026-07-18T16:18:37
================================================================================
[2026-07-18T16:19:10.857+0000] {manager.py:878} INFO - 
================================================================================
DAG File Processing Stats

File Path                           PID    Runtime      # DAGs    # Errors  Last Runtime    Last Run
----------------------------------  -----  ---------  --------  ----------  --------------  -------------------
/opt/airflow/dags/pipeline_bets.py                           1           0  0.12s           2026-07-18T16:19:07
================================================================================
[2026-07-18T16:19:41.058+0000] {manager.py:878} INFO - 
================================================================================
DAG File Processing Stats

File Path                           PID    Runtime      # DAGs    # Errors  Last Runtime    Last Run
----------------------------------  -----  ---------  --------  ----------  --------------  -------------------
/opt/airflow/dags/pipeline_bets.py                           1           0  0.12s           2026-07-18T16:19:38
================================================================================
[2026-07-18T16:20:11.311+0000] {manager.py:878} INFO - 
================================================================================
DAG File Processing Stats

File Path                           PID    Runtime      # DAGs    # Errors  Last Runtime    Last Run
----------------------------------  -----  ---------  --------  ----------  --------------  -------------------
/opt/airflow/dags/pipeline_bets.py                           1           0  0.12s           2026-07-18T16:20:08
================================================================================
[2026-07-18T16:20:41.477+0000] {manager.py:878} INFO - 
================================================================================
DAG File Processing Stats

File Path                           PID    Runtime      # DAGs    # Errors  Last Runtime    Last Run
----------------------------------  -----  ---------  --------  ----------  --------------  -------------------
/opt/airflow/dags/pipeline_bets.py                           1           0  0.13s           2026-07-18T16:20:38
================================================================================
[2026-07-18T16:21:11.525+0000] {manager.py:878} INFO - 
================================================================================
DAG File Processing Stats

File Path                             PID  Runtime      # DAGs    # Errors  Last Runtime    Last Run
----------------------------------  -----  ---------  --------  ----------  --------------  -------------------
/opt/airflow/dags/pipeline_bets.py    659  1.92s             1           0  0.13s           2026-07-18T16:20:38
================================================================================
[2026-07-18T16:21:42.437+0000] {manager.py:878} INFO - 
================================================================================
DAG File Processing Stats

File Path                           PID    Runtime      # DAGs    # Errors  Last Runtime    Last Run
----------------------------------  -----  ---------  --------  ----------  --------------  -------------------
/opt/airflow/dags/pipeline_bets.py                           1           0  17.72s          2026-07-18T16:21:27
================================================================================
[2026-07-18T16:22:12.958+0000] {manager.py:878} INFO - 
================================================================================
DAG File Processing Stats

File Path                             PID  Runtime      # DAGs    # Errors  Last Runtime    Last Run
----------------------------------  -----  ---------  --------  ----------  --------------  -------------------
/opt/airflow/dags/pipeline_bets.py    664  8.29s             1           0  17.72s          2026-07-18T16:21:27
================================================================================
[2026-07-18T16:23:41.379+0000] {manager.py:737} INFO - Searching for files in /opt/airflow/dags
[2026-07-18T16:25:07.804+0000] {manager.py:740} INFO - There are 1 files in /opt/airflow/dags
[2026-07-18T16:26:40.724+0000] {manager.py:878} INFO - 
================================================================================
DAG File Processing Stats

File Path                             PID  Runtime      # DAGs    # Errors  Last Runtime    Last Run
----------------------------------  -----  ---------  --------  ----------  --------------  -------------------
/opt/airflow/dags/pipeline_bets.py    669  0.33s             1           0  12.08s          2026-07-18T16:22:16
================================================================================
[2026-07-18T16:28:47.927+0000] {manager.py:737} INFO - Searching for files in /opt/airflow/dags
[2026-07-18T16:28:49.614+0000] {manager.py:740} INFO - There are 1 files in /opt/airflow/dags
[2026-07-18T16:28:51.452+0000] {manager.py:878} INFO - 
================================================================================
DAG File Processing Stats

File Path                             PID  Runtime      # DAGs    # Errors  Last Runtime    Last Run
----------------------------------  -----  ---------  --------  ----------  --------------  -------------------
/opt/airflow/dags/pipeline_bets.py    674  0.07s             1           0  3.43s           2026-07-18T16:26:43
================================================================================
[2026-07-18T16:29:27.191+0000] {manager.py:878} INFO - 
================================================================================
DAG File Processing Stats

File Path                           PID    Runtime      # DAGs    # Errors  Last Runtime    Last Run
----------------------------------  -----  ---------  --------  ----------  --------------  -------------------
/opt/airflow/dags/pipeline_bets.py                           1           0  2.86s           2026-07-18T16:28:54
================================================================================
[2026-07-18T16:30:12.541+0000] {manager.py:878} INFO - 
================================================================================
DAG File Processing Stats

File Path                             PID  Runtime      # DAGs    # Errors  Last Runtime    Last Run
----------------------------------  -----  ---------  --------  ----------  --------------  -------------------
/opt/airflow/dags/pipeline_bets.py    679  29.51s            1           0  2.86s           2026-07-18T16:28:54
================================================================================
[2026-07-18T16:30:37.194+0000] {manager.py:1203} ERROR - Processor for /opt/airflow/dags/pipeline_bets.py with PID 679 started at 2026-07-18T16:29:42.154137+00:00 has timed out, killing it.
[2026-07-18T16:30:54.614+0000] {manager.py:878} INFO - 
================================================================================
DAG File Processing Stats

File Path                           PID    Runtime      # DAGs    # Errors  Last Runtime    Last Run
----------------------------------  -----  ---------  --------  ----------  --------------  -------------------
/opt/airflow/dags/pipeline_bets.py                           0           1  55.03s          2026-07-18T16:30:37
================================================================================
[2026-07-18T16:32:05.746+0000] {manager.py:878} INFO - 
================================================================================
DAG File Processing Stats

File Path                             PID  Runtime      # DAGs    # Errors  Last Runtime    Last Run
----------------------------------  -----  ---------  --------  ----------  --------------  -------------------
/opt/airflow/dags/pipeline_bets.py    682  0.18s             0           1  55.03s          2026-07-18T16:30:37
================================================================================
[2026-07-18T16:32:43.603+0000] {manager.py:878} INFO - 
================================================================================
DAG File Processing Stats

File Path                             PID  Runtime      # DAGs    # Errors  Last Runtime    Last Run
----------------------------------  -----  ---------  --------  ----------  --------------  -------------------
/opt/airflow/dags/pipeline_bets.py    682  36.32s            0           1  55.03s          2026-07-18T16:30:37
================================================================================
[2026-07-18T16:33:53.129+0000] {manager.py:737} INFO - Searching for files in /opt/airflow/dags
[2026-07-18T16:34:09.424+0000] {manager.py:740} INFO - There are 1 files in /opt/airflow/dags
[2026-07-18T16:39:50.167+0000] {manager.py:1203} ERROR - Processor for /opt/airflow/dags/pipeline_bets.py with PID 682 started at 2026-07-18T16:32:05.522508+00:00 has timed out, killing it.
[2026-07-18T16:39:50.999+0000] {manager.py:878} INFO - 
================================================================================
DAG File Processing Stats

File Path                           PID    Runtime      # DAGs    # Errors  Last Runtime    Last Run
----------------------------------  -----  ---------  --------  ----------  --------------  -------------------
/opt/airflow/dags/pipeline_bets.py                           0           1  464.37s         2026-07-18T16:39:49
================================================================================
[2026-07-18T16:39:51.203+0000] {manager.py:737} INFO - Searching for files in /opt/airflow/dags
[2026-07-18T16:39:51.228+0000] {manager.py:740} INFO - There are 1 files in /opt/airflow/dags
[2026-07-18T16:40:03.748+0000] {manager.py:452} INFO - Exiting gracefully upon receiving signal 15
